/* header file auto generated for icons */
#ifndef BATTERY_ICONS_H
#define BATTERY_ICONS_H

#include <stddef.h>

// Datas for backlight.png
static const unsigned char backlight_data[] = {
    0x89, 0x50, 0x4e, 0x47, 0x0d, 0x0a, 0x1a, 0x0a, 0x00, 0x00, 0x00, 0x0d, 
    0x49, 0x48, 0x44, 0x52, 0x00, 0x00, 0x00, 0x18, 0x00, 0x00, 0x00, 0x18, 
    0x08, 0x06, 0x00, 0x00, 0x00, 0xe0, 0x77, 0x3d, 0xf8, 0x00, 0x00, 0x03, 
    0x0a, 0x49, 0x44, 0x41, 0x54, 0x78, 0x9c, 0xc5, 0x55, 0xbf, 0x4b, 0x23, 
    0x41, 0x14, 0xfe, 0xde, 0x64, 0xd7, 0x44, 0xd7, 0x84, 0xc4, 0x64, 0xd5, 
    0x8d, 0xeb, 0x22, 0x71, 0x53, 0xd8, 0x7a, 0x5c, 0xa3, 0x85, 0x85, 0x96, 
    0x69, 0x2c, 0xae, 0xf0, 0x1f, 0xf0, 0xd0, 0x46, 0x44, 0xfb, 0xf9, 0x07, 
    0xb4, 0x10, 0x6d, 0xf6, 0x1a, 0xb5, 0x12, 0x2c, 0x72, 0x7f, 0xc0, 0x81, 
    0x55, 0xb8, 0x46, 0x4e, 0x50, 0xc4, 0x4a, 0x30, 0xa0, 0x72, 0xe4, 0x20, 
    0x95, 0x09, 0x72, 0xae, 0xd9, 0xb9, 0xe2, 0x66, 0xc3, 0xba, 0xbb, 0x51, 
    0xee, 0xae, 0xb8, 0x07, 0x03, 0xc3, 0x37, 0xf3, 0xbe, 0xf7, 0xde, 0xbc, 
    0x1f, 0x03, 0xfc, 0x07, 0x61, 0x00, 0x28, 0x06, 0x03, 0x80, 0x8f, 0x72, 
    0x05, 0x31, 0x5f, 0x28, 0x06, 0x8b, 0x48, 0x98, 0xd8, 0x17, 0x05, 0x00, 
    0x88, 0xe8, 0x9e, 0x88, 0xee, 0x83, 0x58, 0x57, 0x91, 0xba, 0xaa, 0x2f, 
    0x38, 0x58, 0x68, 0x2f, 0x00, 0x0c, 0x03, 0x50, 0x11, 0x1f, 0xc9, 0x77, 
    0xb9, 0x22, 0x9e, 0x0b, 0x21, 0x54, 0x4d, 0xd3, 0x86, 0x25, 0x47, 0x24, 
    0x12, 0x06, 0x20, 0x01, 0xa0, 0x44, 0x44, 0x37, 0x00, 0x8e, 0x02, 0x38, 
    0x01, 0x50, 0x38, 0xe7, 0x8c, 0x31, 0x76, 0xc5, 0x18, 0xbb, 0xe2, 0x9c, 
    0x33, 0x19, 0x01, 0x01, 0x60, 0x8c, 0x31, 0x18, 0x86, 0x71, 0x04, 0xe0, 
    0x26, 0x99, 0x4c, 0x96, 0x24, 0xd7, 0x0b, 0x23, 0x24, 0x15, 0x0a, 0x00, 
    0xf6, 0x89, 0x48, 0x10, 0xd1, 0xae, 0x7f, 0x68, 0x18, 0xc6, 0x80, 0xdc, 
    0x7e, 0x91, 0x2b, 0x88, 0x81, 0x88, 0x76, 0x75, 0x5d, 0x17, 0x63, 0x63, 
    0x63, 0xfb, 0x00, 0x0a, 0x73, 0x73, 0x73, 0xbe, 0xf1, 0x48, 0xa8, 0x5d, 
    0x05, 0x22, 0x12, 0x00, 0x0e, 0x06, 0x06, 0x06, 0x0c, 0x00, 0x10, 0x42, 
    0x0c, 0x55, 0x2a, 0x95, 0xf9, 0x4a, 0xa5, 0x32, 0x2f, 0x84, 0x18, 0x02, 
    0x00, 0x79, 0x76, 0x20, 0xef, 0xee, 0x32, 0xc6, 0xa2, 0x5c, 0x61, 0x2b, 
    0x32, 0x34, 0x4f, 0x3e, 0xd3, 0xfb, 0x52, 0xa9, 0x34, 0x33, 0x39, 0x39, 
    0xb9, 0x5c, 0xaf, 0xd7, 0x17, 0x5d, 0xd7, 0x9d, 0x06, 0x00, 0x55, 0x55, 
    0xcf, 0x3a, 0x9d, 0xce, 0xe7, 0x76, 0xbb, 0xfd, 0xa9, 0xd1, 0x68, 0x7c, 
    0x05, 0x70, 0x0a, 0x60, 0x29, 0xa0, 0x1b, 0xf5, 0x3a, 0x84, 0x91, 0x69, 
    0x9a, 0xc9, 0x5c, 0x2e, 0x97, 0x57, 0x14, 0x65, 0xf3, 0xf6, 0xf6, 0x76, 
    0xad, 0xdd, 0x6e, 0x8b, 0x7c, 0x3e, 0xdf, 0x06, 0x80, 0x66, 0xb3, 0xa9, 
    0xa9, 0xaa, 0x4a, 0x13, 0x13, 0x13, 0x3b, 0xcd, 0x66, 0x73, 0x8b, 0x88, 
    0x9a, 0x77, 0x77, 0x77, 0x3f, 0xf1, 0x3b, 0xc1, 0x22, 0x86, 0x13, 0x7e, 
    0xd2, 0x14, 0x00, 0x8a, 0xff, 0xbe, 0x0b, 0x0b, 0x0b, 0x2b, 0xba, 0xae, 
    0x0b, 0x00, 0xdb, 0xc7, 0xc7, 0xc7, 0x7d, 0xab, 0xab, 0xab, 0x83, 0x9c, 
    0xf3, 0x41, 0xce, 0x79, 0x9f, 0x65, 0x59, 0xdb, 0x99, 0x4c, 0x46, 0x14, 
    0x8b, 0xc5, 0x15, 0xa0, 0x9b, 0x13, 0x25, 0xb4, 0x7a, 0x95, 0x3d, 0xe0, 
    0x38, 0x8e, 0x65, 0xdb, 0x76, 0x2d, 0x95, 0x4a, 0x3d, 0x2a, 0x8a, 0x12, 
    0x39, 0x67, 0x8c, 0xa1, 0xbf, 0xbf, 0xff, 0xb1, 0x5c, 0x2e, 0xd7, 0x1c, 
    0xc7, 0xb1, 0x7a, 0xf1, 0x74, 0x3b, 0x94, 0x88, 0xce, 0x89, 0xe8, 0x1b, 
    0x63, 0xec, 0x02, 0xc0, 0x49, 0xb5, 0x5a, 0x9d, 0x7a, 0x7e, 0x7e, 0x9e, 
    0x2d, 0x14, 0x0a, 0x4f, 0xeb, 0xeb, 0xeb, 0xe9, 0xb0, 0xe2, 0xc6, 0xc6, 
    0x46, 0x3a, 0x9b, 0xcd, 0x3e, 0xb9, 0xae, 0x3b, 0x5b, 0xad, 0x56, 0xa7, 
    0x00, 0x9c, 0x30, 0xc6, 0x2e, 0x24, 0xcf, 0x19, 0x11, 0x9d, 0x03, 0x78, 
    0xf7, 0x66, 0x6b, 0xf7, 0x92, 0x42, 0xa1, 0x80, 0x74, 0x3a, 0x0d, 0x21, 
    0x62, 0x9f, 0xfc, 0x6d, 0x71, 0x1c, 0xc7, 0x2a, 0x97, 0xcb, 0xb5, 0x54, 
    0x2a, 0xf5, 0x18, 0x28, 0xbf, 0xae, 0x24, 0x12, 0x09, 0x8c, 0x8e, 0x8e, 
    0x3e, 0xda, 0xb6, 0x5d, 0x3b, 0x3c, 0x3c, 0xec, 0xf9, 0x44, 0xbe, 0xc4, 
    0x26, 0xb9, 0x58, 0x2c, 0xae, 0x64, 0x32, 0x19, 0x61, 0x59, 0xd6, 0x36, 
    0xe7, 0xbc, 0x8f, 0x73, 0x3e, 0xb8, 0xb7, 0xb7, 0x37, 0x78, 0x79, 0x79, 
    0xd9, 0x67, 0x9a, 0xe6, 0xb6, 0xa6, 0x69, 0x62, 0x7c, 0x7c, 0xfc, 0xd5, 
    0x24, 0xbf, 0x5a, 0xa6, 0x42, 0x88, 0x7c, 0x3e, 0x9f, 0xdf, 0xac, 0xd7, 
    0xeb, 0x6b, 0xae, 0xeb, 0x8a, 0x5c, 0x2e, 0xd7, 0xd6, 0x34, 0x0d, 0xad, 
    0x56, 0x4b, 0x6b, 0xb5, 0x5a, 0x64, 0xdb, 0xf6, 0xce, 0xc3, 0xc3, 0xc3, 
    0xd6, 0xf5, 0xf5, 0x75, 0x13, 0x40, 0x6c, 0x99, 0xbe, 0xd9, 0x68, 0x23, 
    0x23, 0x23, 0x33, 0x9a, 0xa6, 0x2d, 0x27, 0x12, 0x89, 0x45, 0xd7, 0x75, 
    0xa7, 0x85, 0x10, 0x50, 0x55, 0xf5, 0xcc, 0xf3, 0xbc, 0x6e, 0xa3, 0x19, 
    0x86, 0x71, 0xda, 0x68, 0x34, 0x96, 0x3c, 0xcf, 0x8b, 0x34, 0x5a, 0xac, 
    0xb1, 0x3f, 0x19, 0x15, 0xa6, 0x69, 0x1e, 0xe8, 0xba, 0xfe, 0x62, 0x76, 
    0xc5, 0x39, 0xfe, 0xd7, 0xc3, 0x4e, 0x16, 0x80, 0xef, 0xd0, 0xbe, 0xe4, 
    0x88, 0x34, 0xd9, 0x3f, 0x8d, 0x6b, 0x19, 0xf5, 0x91, 0xd4, 0x8d, 0x1d, 
    0xd7, 0x08, 0x00, 0x71, 0x1f, 0x8e, 0xff, 0xa3, 0x9d, 0xcb, 0x06, 0xea, 
    0x62, 0x01, 0x23, 0xaa, 0xd4, 0x0d, 0x72, 0xbd, 0xf8, 0xf6, 0x3c, 0x79, 
    0xf9, 0x47, 0xd8, 0x72, 0x40, 0x3a, 0x31, 0x98, 0x5f, 0x39, 0x9e, 0xd4, 
    0x25, 0x04, 0x12, 0x1d, 0x1e, 0x32, 0xfe, 0x77, 0xd7, 0x6b, 0x2a, 0x66, 
    0x5f, 0x31, 0x4e, 0x61, 0xf2, 0x38, 0x03, 0x08, 0x5f, 0x90, 0xd2, 0x01, 
    0x00, 0x21, 0xc4, 0x87, 0x30, 0x16, 0x72, 0x2e, 0xe2, 0xd4, 0x2f, 0x29, 
    0x4f, 0x09, 0x8a, 0x12, 0xb8, 0xc4, 0xbf, 0x00, 0x00, 0x00, 0x00, 0x49, 
    0x45, 0x4e, 0x44, 0xae, 0x42, 0x60, 0x82, 
};
static const size_t backlight_size = sizeof(backlight_data);

// Datas for battery-level-0-charging-symbolic.png
static const unsigned char battery_level_0_charging_symbolic_data[] = {
    0x89, 0x50, 0x4e, 0x47, 0x0d, 0x0a, 0x1a, 0x0a, 0x00, 0x00, 0x00, 0x0d, 
    0x49, 0x48, 0x44, 0x52, 0x00, 0x00, 0x00, 0x30, 0x00, 0x00, 0x00, 0x30, 
    0x01, 0x03, 0x00, 0x00, 0x00, 0x6d, 0xcc, 0x6b, 0xc4, 0x00, 0x00, 0x00, 
    0x06, 0x50, 0x4c, 0x54, 0x45, 0x00, 0x00, 0x00, 0xff, 0xff, 0xff, 0xa5, 
    0xd9, 0x9f, 0xdd, 0x00, 0x00, 0x00, 0x02, 0x74, 0x52, 0x4e, 0x53, 0xff, 
    0x00, 0xe5, 0xb7, 0x30, 0x4a, 0x00, 0x00, 0x00, 0x09, 0x70, 0x48, 0x59, 
    0x73, 0x00, 0x00, 0x0b, 0x13, 0x00, 0x00, 0x0b, 0x13, 0x01, 0x00, 0x9a, 
    0x9c, 0x18, 0x00, 0x00, 0x00, 0x41, 0x49, 0x44, 0x41, 0x54, 0x18, 0x19, 
    0x63, 0xf8, 0x0f, 0x06, 0x94, 0x52, 0xf3, 0xed, 0xb1, 0x51, 0x36, 0x0c, 
    0x0c, 0x0c, 0xec, 0x30, 0x8a, 0x41, 0x1e, 0x28, 0xf6, 0x1c, 0x46, 0xd9, 
    0xcf, 0x27, 0x40, 0x3d, 0x60, 0x90, 0x97, 0x07, 0x53, 0x0d, 0xf6, 0x60, 
    0xea, 0x40, 0x3d, 0x98, 0xfa, 0xf8, 0x1f, 0x17, 0xf5, 0x9c, 0x04, 0xea, 
    0xff, 0x01, 0x90, 0x93, 0xe0, 0x14, 0x18, 0x50, 0x87, 0x02, 0x00, 0xde, 
    0x76, 0xf9, 0x30, 0x5e, 0x01, 0xd8, 0x09, 0x00, 0x00, 0x00, 0x00, 0x49, 
    0x45, 0x4e, 0x44, 0xae, 0x42, 0x60, 0x82, 
};
static const size_t battery_level_0_charging_symbolic_size = sizeof(battery_level_0_charging_symbolic_data);

// Datas for battery-level-0-symbolic.png
static const unsigned char battery_level_0_symbolic_data[] = {
    0x89, 0x50, 0x4e, 0x47, 0x0d, 0x0a, 0x1a, 0x0a, 0x00, 0x00, 0x00, 0x0d, 
    0x49, 0x48, 0x44, 0x52, 0x00, 0x00, 0x00, 0x30, 0x00, 0x00, 0x00, 0x30, 
    0x01, 0x03, 0x00, 0x00, 0x00, 0x6d, 0xcc, 0x6b, 0xc4, 0x00, 0x00, 0x00, 
    0x06, 0x50, 0x4c, 0x54, 0x45, 0x00, 0x00, 0x00, 0xff, 0xff, 0xff, 0xa5, 
    0xd9, 0x9f, 0xdd, 0x00, 0x00, 0x00, 0x02, 0x74, 0x52, 0x4e, 0x53, 0xff, 
    0x00, 0xe5, 0xb7, 0x30, 0x4a, 0x00, 0x00, 0x00, 0x09, 0x70, 0x48, 0x59, 
    0x73, 0x00, 0x00, 0x0b, 0x13, 0x00, 0x00, 0x0b, 0x13, 0x01, 0x00, 0x9a, 
    0x9c, 0x18, 0x00, 0x00, 0x00, 0x25, 0x49, 0x44, 0x41, 0x54, 0x18, 0x19, 
    0x63, 0xf8, 0x0f, 0x06, 0x34, 0xa1, 0x7e, 0x30, 0x00, 0x01, 0x3b, 0x8c, 
    0xfa, 0x09, 0x12, 0x7b, 0x4e, 0x34, 0xf5, 0x80, 0x54, 0xea, 0x39, 0xf1, 
    0x14, 0xaa, 0xcb, 0xa8, 0xea, 0x69, 0x00, 0x3b, 0xaa, 0x08, 0x7b, 0x55, 
    0x59, 0x22, 0x20, 0x00, 0x00, 0x00, 0x00, 0x49, 0x45, 0x4e, 0x44, 0xae, 
    0x42, 0x60, 0x82, 
};
static const size_t battery_level_0_symbolic_size = sizeof(battery_level_0_symbolic_data);

// Datas for battery-level-10-charging-symbolic.png
static const unsigned char battery_level_10_charging_symbolic_data[] = {
    0x89, 0x50, 0x4e, 0x47, 0x0d, 0x0a, 0x1a, 0x0a, 0x00, 0x00, 0x00, 0x0d, 
    0x49, 0x48, 0x44, 0x52, 0x00, 0x00, 0x00, 0x30, 0x00, 0x00, 0x00, 0x30, 
    0x01, 0x03, 0x00, 0x00, 0x00, 0x6d, 0xcc, 0x6b, 0xc4, 0x00, 0x00, 0x00, 
    0x06, 0x50, 0x4c, 0x54, 0x45, 0x00, 0x00, 0x00, 0xff, 0xff, 0xff, 0xa5, 
    0xd9, 0x9f, 0xdd, 0x00, 0x00, 0x00, 0x02, 0x74, 0x52, 0x4e, 0x53, 0xff, 
    0x00, 0xe5, 0xb7, 0x30, 0x4a, 0x00, 0x00, 0x00, 0x09, 0x70, 0x48, 0x59, 
    0x73, 0x00, 0x00, 0x0b, 0x13, 0x00, 0x00, 0x0b, 0x13, 0x01, 0x00, 0x9a, 
    0x9c, 0x18, 0x00, 0x00, 0x00, 0x44, 0x49, 0x44, 0x41, 0x54, 0x18, 0x19, 
    0x63, 0xf8, 0x0f, 0x06, 0x94, 0x52, 0xf3, 0xed, 0xb1, 0x51, 0x36, 0x0c, 
    0x0c, 0x0c, 0xec, 0x30, 0x8a, 0x41, 0x1e, 0x28, 0xf6, 0x1c, 0x46, 0xd9, 
    0xcf, 0x27, 0x40, 0x3d, 0x60, 0x90, 0x97, 0x07, 0x53, 0x0d, 0xe6, 0x60, 
    0xea, 0x40, 0x3a, 0x98, 0xfa, 0x78, 0x1c, 0x17, 0xf5, 0x1c, 0x07, 0xf5, 
    0x1f, 0x0b, 0xf5, 0xff, 0x00, 0xc8, 0x49, 0x70, 0x0a, 0x0c, 0xa8, 0x43, 
    0x01, 0x00, 0xf6, 0x1f, 0xf7, 0x88, 0x4e, 0x73, 0x6e, 0x7e, 0x00, 0x00, 
    0x00, 0x00, 0x49, 0x45, 0x4e, 0x44, 0xae, 0x42, 0x60, 0x82, 
};
static const size_t battery_level_10_charging_symbolic_size = sizeof(battery_level_10_charging_symbolic_data);

// Datas for battery-level-10-symbolic.png
static const unsigned char battery_level_10_symbolic_data[] = {
    0x89, 0x50, 0x4e, 0x47, 0x0d, 0x0a, 0x1a, 0x0a, 0x00, 0x00, 0x00, 0x0d, 
    0x49, 0x48, 0x44, 0x52, 0x00, 0x00, 0x00, 0x30, 0x00, 0x00, 0x00, 0x30, 
    0x01, 0x03, 0x00, 0x00, 0x00, 0x6d, 0xcc, 0x6b, 0xc4, 0x00, 0x00, 0x00, 
    0x06, 0x50, 0x4c, 0x54, 0x45, 0x00, 0x00, 0x00, 0xff, 0xff, 0xff, 0xa5, 
    0xd9, 0x9f, 0xdd, 0x00, 0x00, 0x00, 0x02, 0x74, 0x52, 0x4e, 0x53, 0xff, 
    0x00, 0xe5, 0xb7, 0x30, 0x4a, 0x00, 0x00, 0x00, 0x09, 0x70, 0x48, 0x59, 
    0x73, 0x00, 0x00, 0x0b, 0x13, 0x00, 0x00, 0x0b, 0x13, 0x01, 0x00, 0x9a, 
    0x9c, 0x18, 0x00, 0x00, 0x00, 0x2a, 0x49, 0x44, 0x41, 0x54, 0x18, 0x19, 
    0x63, 0xf8, 0x0f, 0x06, 0x34, 0xa1, 0x7e, 0x30, 0x00, 0x01, 0x3b, 0x8c, 
    0xfa, 0x09, 0x12, 0x7b, 0x8e, 0x4e, 0x1d, 0xc7, 0x45, 0x3d, 0x20, 0x89, 
    0xc2, 0x69, 0x18, 0x56, 0x6b, 0x51, 0x5d, 0x46, 0x55, 0x4f, 0x03, 0x00, 
    0x49, 0xe4, 0x05, 0x6b, 0xbe, 0x39, 0x7b, 0x55, 0x00, 0x00, 0x00, 0x00, 
    0x49, 0x45, 0x4e, 0x44, 0xae, 0x42, 0x60, 0x82, 
};
static const size_t battery_level_10_symbolic_size = sizeof(battery_level_10_symbolic_data);

// Datas for battery-level-100-charged-symbolic.png
static const unsigned char battery_level_100_charged_symbolic_data[] = {
    0x89, 0x50, 0x4e, 0x47, 0x0d, 0x0a, 0x1a, 0x0a, 0x00, 0x00, 0x00, 0x0d, 
    0x49, 0x48, 0x44, 0x52, 0x00, 0x00, 0x00, 0x30, 0x00, 0x00, 0x00, 0x30, 
    0x01, 0x03, 0x00, 0x00, 0x00, 0x6d, 0xcc, 0x6b, 0xc4, 0x00, 0x00, 0x00, 
    0x06, 0x50, 0x4c, 0x54, 0x45, 0x00, 0x00, 0x00, 0xff, 0xff, 0xff, 0xa5, 
    0xd9, 0x9f, 0xdd, 0x00, 0x00, 0x00, 0x02, 0x74, 0x52, 0x4e, 0x53, 0xff, 
    0x00, 0xe5, 0xb7, 0x30, 0x4a, 0x00, 0x00, 0x00, 0x09, 0x70, 0x48, 0x59, 
    0x73, 0x00, 0x00, 0x0b, 0x13, 0x00, 0x00, 0x0b, 0x13, 0x01, 0x00, 0x9a, 
    0x9c, 0x18, 0x00, 0x00, 0x00, 0x49, 0x49, 0x44, 0x41, 0x54, 0x18, 0x19, 
    0x63, 0xf8, 0x0f, 0x06, 0x94, 0x52, 0xf3, 0xed, 0xb1, 0x51, 0x36, 0x0c, 
    0x0c, 0x0c, 0xec, 0x30, 0x8a, 0x41, 0x1e, 0x28, 0xf6, 0x1c, 0x46, 0xd9, 
    0xcf, 0x87, 0x50, 0x33, 0x80, 0x72, 0x58, 0xa9, 0x07, 0x0c, 0xf2, 0x12, 
    0x60, 0xaa, 0xc1, 0x00, 0x4c, 0x1d, 0x48, 0x00, 0x53, 0x1f, 0x0f, 0xe0, 
    0xa2, 0x9e, 0xe3, 0xa0, 0x40, 0x4e, 0x41, 0xa7, 0xfe, 0x83, 0xe4, 0xd8, 
    0xe1, 0x14, 0x18, 0x50, 0x87, 0x02, 0x00, 0x7b, 0xb9, 0xcd, 0x50, 0xb8, 
    0x5d, 0xf7, 0xff, 0x00, 0x00, 0x00, 0x00, 0x49, 0x45, 0x4e, 0x44, 0xae, 
    0x42, 0x60, 0x82, 
};
static const size_t battery_level_100_charged_symbolic_size = sizeof(battery_level_100_charged_symbolic_data);

// Datas for battery-level-100-symbolic.png
static const unsigned char battery_level_100_symbolic_data[] = {
    0x89, 0x50, 0x4e, 0x47, 0x0d, 0x0a, 0x1a, 0x0a, 0x00, 0x00, 0x00, 0x0d, 
    0x49, 0x48, 0x44, 0x52, 0x00, 0x00, 0x00, 0x30, 0x00, 0x00, 0x00, 0x30, 
    0x01, 0x03, 0x00, 0x00, 0x00, 0x6d, 0xcc, 0x6b, 0xc4, 0x00, 0x00, 0x00, 
    0x06, 0x50, 0x4c, 0x54, 0x45, 0x00, 0x00, 0x00, 0xff, 0xff, 0xff, 0xa5, 
    0xd9, 0x9f, 0xdd, 0x00, 0x00, 0x00, 0x02, 0x74, 0x52, 0x4e, 0x53, 0xff, 
    0x00, 0xe5, 0xb7, 0x30, 0x4a, 0x00, 0x00, 0x00, 0x09, 0x70, 0x48, 0x59, 
    0x73, 0x00, 0x00, 0x0b, 0x13, 0x00, 0x00, 0x0b, 0x13, 0x01, 0x00, 0x9a, 
    0x9c, 0x18, 0x00, 0x00, 0x00, 0x2b, 0x49, 0x44, 0x41, 0x54, 0x18, 0x19, 
    0x63, 0xf8, 0x0f, 0x06, 0x34, 0xa1, 0x7e, 0x30, 0x00, 0x01, 0x3b, 0x8c, 
    0xfa, 0x09, 0x12, 0x7b, 0x8e, 0x4e, 0x1d, 0x00, 0xca, 0x61, 0xa5, 0x1e, 
    0x90, 0x4a, 0x61, 0x37, 0x0c, 0xab, 0xb5, 0xa8, 0x2e, 0xa3, 0xaa, 0xa7, 
    0x01, 0xcf, 0x6f, 0xdb, 0x24, 0xce, 0x46, 0xae, 0x6c, 0x00, 0x00, 0x00, 
    0x00, 0x49, 0x45, 0x4e, 0x44, 0xae, 0x42, 0x60, 0x82, 
};
static const size_t battery_level_100_symbolic_size = sizeof(battery_level_100_symbolic_data);

// Datas for battery-level-20-charging-symbolic.png
static const unsigned char battery_level_20_charging_symbolic_data[] = {
    0x89, 0x50, 0x4e, 0x47, 0x0d, 0x0a, 0x1a, 0x0a, 0x00, 0x00, 0x00, 0x0d, 
    0x49, 0x48, 0x44, 0x52, 0x00, 0x00, 0x00, 0x30, 0x00, 0x00, 0x00, 0x30, 
    0x01, 0x03, 0x00, 0x00, 0x00, 0x6d, 0xcc, 0x6b, 0xc4, 0x00, 0x00, 0x00, 
    0x06, 0x50, 0x4c, 0x54, 0x45, 0x00, 0x00, 0x00, 0xff, 0xff, 0xff, 0xa5, 
    0xd9, 0x9f, 0xdd, 0x00, 0x00, 0x00, 0x02, 0x74, 0x52, 0x4e, 0x53, 0xff, 
    0x00, 0xe5, 0xb7, 0x30, 0x4a, 0x00, 0x00, 0x00, 0x09, 0x70, 0x48, 0x59, 
    0x73, 0x00, 0x00, 0x0b, 0x13, 0x00, 0x00, 0x0b, 0x13, 0x01, 0x00, 0x9a, 
    0x9c, 0x18, 0x00, 0x00, 0x00, 0x46, 0x49, 0x44, 0x41, 0x54, 0x18, 0x19, 
    0x63, 0xf8, 0x0f, 0x06, 0x94, 0x52, 0xf3, 0xed, 0xb1, 0x51, 0x36, 0x0c, 
    0x0c, 0x0c, 0xec, 0x30, 0x8a, 0x41, 0x1e, 0x28, 0xf6, 0x1c, 0x46, 0xd9, 
    0xcf, 0x87, 0x50, 0x33, 0x70, 0x51, 0x0f, 0x18, 0xe4, 0x25, 0xc0, 0x54, 
    0x83, 0x01, 0x98, 0x3a, 0x90, 0x00, 0xa6, 0x3e, 0x1e, 0xc0, 0x45, 0x3d, 
    0xc7, 0x41, 0xfd, 0xc7, 0x42, 0xfd, 0x3f, 0x00, 0x72, 0x12, 0x9c, 0x02, 
    0x03, 0xea, 0x50, 0x00, 0xb7, 0xea, 0xf7, 0x26, 0xd8, 0xa0, 0x92, 0xb0, 
    0x00, 0x00, 0x00, 0x00, 0x49, 0x45, 0x4e, 0x44, 0xae, 0x42, 0x60, 0x82, 
    
};
static const size_t battery_level_20_charging_symbolic_size = sizeof(battery_level_20_charging_symbolic_data);

// Datas for battery-level-20-symbolic.png
static const unsigned char battery_level_20_symbolic_data[] = {
    0x89, 0x50, 0x4e, 0x47, 0x0d, 0x0a, 0x1a, 0x0a, 0x00, 0x00, 0x00, 0x0d, 
    0x49, 0x48, 0x44, 0x52, 0x00, 0x00, 0x00, 0x30, 0x00, 0x00, 0x00, 0x30, 
    0x01, 0x03, 0x00, 0x00, 0x00, 0x6d, 0xcc, 0x6b, 0xc4, 0x00, 0x00, 0x00, 
    0x06, 0x50, 0x4c, 0x54, 0x45, 0x00, 0x00, 0x00, 0xff, 0xff, 0xff, 0xa5, 
    0xd9, 0x9f, 0xdd, 0x00, 0x00, 0x00, 0x02, 0x74, 0x52, 0x4e, 0x53, 0xff, 
    0x00, 0xe5, 0xb7, 0x30, 0x4a, 0x00, 0x00, 0x00, 0x09, 0x70, 0x48, 0x59, 
    0x73, 0x00, 0x00, 0x0b, 0x13, 0x00, 0x00, 0x0b, 0x13, 0x01, 0x00, 0x9a, 
    0x9c, 0x18, 0x00, 0x00, 0x00, 0x2a, 0x49, 0x44, 0x41, 0x54, 0x18, 0x19, 
    0x63, 0xf8, 0x0f, 0x06, 0x34, 0xa1, 0x7e, 0x30, 0x00, 0x01, 0x3b, 0x8c, 
    0xfa, 0x09, 0x12, 0x7b, 0x8e, 0x4e, 0x1d, 0xc0, 0x45, 0x3d, 0x20, 0x89, 
    0xc2, 0x69, 0x18, 0x56, 0x6b, 0x51, 0x5d, 0x46, 0x55, 0x4f, 0x03, 0x00, 
    0x0b, 0xaf, 0x05, 0x09, 0x39, 0xb0, 0x0f, 0xee, 0x00, 0x00, 0x00, 0x00, 
    0x49, 0x45, 0x4e, 0x44, 0xae, 0x42, 0x60, 0x82, 
};
static const size_t battery_level_20_symbolic_size = sizeof(battery_level_20_symbolic_data);

// Datas for battery-level-30-charging-symbolic.png
static const unsigned char battery_level_30_charging_symbolic_data[] = {
    0x89, 0x50, 0x4e, 0x47, 0x0d, 0x0a, 0x1a, 0x0a, 0x00, 0x00, 0x00, 0x0d, 
    0x49, 0x48, 0x44, 0x52, 0x00, 0x00, 0x00, 0x30, 0x00, 0x00, 0x00, 0x30, 
    0x01, 0x03, 0x00, 0x00, 0x00, 0x6d, 0xcc, 0x6b, 0xc4, 0x00, 0x00, 0x00, 
    0x06, 0x50, 0x4c, 0x54, 0x45, 0x00, 0x00, 0x00, 0xff, 0xff, 0xff, 0xa5, 
    0xd9, 0x9f, 0xdd, 0x00, 0x00, 0x00, 0x02, 0x74, 0x52, 0x4e, 0x53, 0xff, 
    0x00, 0xe5, 0xb7, 0x30, 0x4a, 0x00, 0x00, 0x00, 0x09, 0x70, 0x48, 0x59, 
    0x73, 0x00, 0x00, 0x0b, 0x13, 0x00, 0x00, 0x0b, 0x13, 0x01, 0x00, 0x9a, 
    0x9c, 0x18, 0x00, 0x00, 0x00, 0x48, 0x49, 0x44, 0x41, 0x54, 0x18, 0x19, 
    0x63, 0xf8, 0x0f, 0x06, 0x94, 0x52, 0xf3, 0xed, 0xb1, 0x51, 0x36, 0x0c, 
    0x0c, 0x0c, 0xec, 0x30, 0x8a, 0x41, 0x1e, 0x28, 0xf6, 0x1c, 0x46, 0xd9, 
    0xcf, 0x87, 0x50, 0x33, 0xe4, 0x71, 0x50, 0x0f, 0x18, 0xe4, 0x25, 0xc0, 
    0x54, 0x83, 0x01, 0x98, 0x3a, 0x90, 0x00, 0xa6, 0x3e, 0x1e, 0xc0, 0x45, 
    0x3d, 0xc7, 0x41, 0x01, 0xed, 0xc1, 0xa0, 0xfe, 0x1f, 0x00, 0x39, 0x09, 
    0x4e, 0x81, 0x01, 0x75, 0x28, 0x00, 0xfd, 0x12, 0xea, 0xe6, 0xee, 0x69, 
    0x76, 0x06, 0x00, 0x00, 0x00, 0x00, 0x49, 0x45, 0x4e, 0x44, 0xae, 0x42, 
    0x60, 0x82, 
};
static const size_t battery_level_30_charging_symbolic_size = sizeof(battery_level_30_charging_symbolic_data);

// Datas for battery-level-30-symbolic.png
static const unsigned char battery_level_30_symbolic_data[] = {
    0x89, 0x50, 0x4e, 0x47, 0x0d, 0x0a, 0x1a, 0x0a, 0x00, 0x00, 0x00, 0x0d, 
    0x49, 0x48, 0x44, 0x52, 0x00, 0x00, 0x00, 0x30, 0x00, 0x00, 0x00, 0x30, 
    0x01, 0x03, 0x00, 0x00, 0x00, 0x6d, 0xcc, 0x6b, 0xc4, 0x00, 0x00, 0x00, 
    0x06, 0x50, 0x4c, 0x54, 0x45, 0x00, 0x00, 0x00, 0xff, 0xff, 0xff, 0xa5, 
    0xd9, 0x9f, 0xdd, 0x00, 0x00, 0x00, 0x02, 0x74, 0x52, 0x4e, 0x53, 0xff, 
    0x00, 0xe5, 0xb7, 0x30, 0x4a, 0x00, 0x00, 0x00, 0x09, 0x70, 0x48, 0x59, 
    0x73, 0x00, 0x00, 0x0b, 0x13, 0x00, 0x00, 0x0b, 0x13, 0x01, 0x00, 0x9a, 
    0x9c, 0x18, 0x00, 0x00, 0x00, 0x2b, 0x49, 0x44, 0x41, 0x54, 0x18, 0x19, 
    0x63, 0xf8, 0x0f, 0x06, 0x34, 0xa1, 0x7e, 0x30, 0x00, 0x01, 0x3b, 0x8c, 
    0xfa, 0x09, 0x12, 0x7b, 0x8e, 0x4e, 0x1d, 0x90, 0xc7, 0x41, 0x3d, 0x20, 
    0x8d, 0xc2, 0x65, 0x18, 0x56, 0x6b, 0x51, 0x5d, 0x46, 0x55, 0x4f, 0x03, 
    0x00, 0x50, 0xd7, 0xf8, 0xba, 0xfe, 0x84, 0xd6, 0x13, 0x00, 0x00, 0x00, 
    0x00, 0x49, 0x45, 0x4e, 0x44, 0xae, 0x42, 0x60, 0x82, 
};
static const size_t battery_level_30_symbolic_size = sizeof(battery_level_30_symbolic_data);

// Datas for battery-level-40-charging-symbolic.png
static const unsigned char battery_level_40_charging_symbolic_data[] = {
    0x89, 0x50, 0x4e, 0x47, 0x0d, 0x0a, 0x1a, 0x0a, 0x00, 0x00, 0x00, 0x0d, 
    0x49, 0x48, 0x44, 0x52, 0x00, 0x00, 0x00, 0x30, 0x00, 0x00, 0x00, 0x30, 
    0x01, 0x03, 0x00, 0x00, 0x00, 0x6d, 0xcc, 0x6b, 0xc4, 0x00, 0x00, 0x00, 
    0x06, 0x50, 0x4c, 0x54, 0x45, 0x00, 0x00, 0x00, 0xff, 0xff, 0xff, 0xa5, 
    0xd9, 0x9f, 0xdd, 0x00, 0x00, 0x00, 0x02, 0x74, 0x52, 0x4e, 0x53, 0xff, 
    0x00, 0xe5, 0xb7, 0x30, 0x4a, 0x00, 0x00, 0x00, 0x09, 0x70, 0x48, 0x59, 
    0x73, 0x00, 0x00, 0x0b, 0x13, 0x00, 0x00, 0x0b, 0x13, 0x01, 0x00, 0x9a, 
    0x9c, 0x18, 0x00, 0x00, 0x00, 0x48, 0x49, 0x44, 0x41, 0x54, 0x18, 0x19, 
    0x63, 0xf8, 0x0f, 0x06, 0x94, 0x52, 0xf3, 0xed, 0xb1, 0x51, 0x36, 0x0c, 
    0x0c, 0x0c, 0xec, 0x30, 0x8a, 0x41, 0x1e, 0x28, 0xf6, 0x1c, 0x46, 0xd9, 
    0xcf, 0x87, 0x50, 0x33, 0x98, 0x71, 0x50, 0x0f, 0x18, 0xe4, 0x25, 0xc0, 
    0x54, 0x83, 0x01, 0x98, 0x3a, 0x90, 0x00, 0xa6, 0x3e, 0x1e, 0xc0, 0x45, 
    0x3d, 0xc7, 0x41, 0x01, 0xed, 0xc1, 0xa0, 0xfe, 0x1f, 0x00, 0x39, 0x09, 
    0x4e, 0x81, 0x01, 0x75, 0x28, 0x00, 0x05, 0xc6, 0xe9, 0x5e, 0x50, 0xc1, 
    0x8e, 0x19, 0x00, 0x00, 0x00, 0x00, 0x49, 0x45, 0x4e, 0x44, 0xae, 0x42, 
    0x60, 0x82, 
};
static const size_t battery_level_40_charging_symbolic_size = sizeof(battery_level_40_charging_symbolic_data);

// Datas for battery-level-40-symbolic.png
static const unsigned char battery_level_40_symbolic_data[] = {
    0x89, 0x50, 0x4e, 0x47, 0x0d, 0x0a, 0x1a, 0x0a, 0x00, 0x00, 0x00, 0x0d, 
    0x49, 0x48, 0x44, 0x52, 0x00, 0x00, 0x00, 0x30, 0x00, 0x00, 0x00, 0x30, 
    0x01, 0x03, 0x00, 0x00, 0x00, 0x6d, 0xcc, 0x6b, 0xc4, 0x00, 0x00, 0x00, 
    0x06, 0x50, 0x4c, 0x54, 0x45, 0x00, 0x00, 0x00, 0xff, 0xff, 0xff, 0xa5, 
    0xd9, 0x9f, 0xdd, 0x00, 0x00, 0x00, 0x02, 0x74, 0x52, 0x4e, 0x53, 0xff, 
    0x00, 0xe5, 0xb7, 0x30, 0x4a, 0x00, 0x00, 0x00, 0x09, 0x70, 0x48, 0x59, 
    0x73, 0x00, 0x00, 0x0b, 0x13, 0x00, 0x00, 0x0b, 0x13, 0x01, 0x00, 0x9a, 
    0x9c, 0x18, 0x00, 0x00, 0x00, 0x2b, 0x49, 0x44, 0x41, 0x54, 0x18, 0x19, 
    0x63, 0xf8, 0x0f, 0x06, 0x34, 0xa1, 0x7e, 0x30, 0x00, 0x01, 0x3b, 0x8c, 
    0xfa, 0x09, 0x12, 0x7b, 0x8e, 0x4e, 0x1d, 0x60, 0xc6, 0x41, 0x3d, 0x20, 
    0x8d, 0xc2, 0x65, 0x18, 0x56, 0x6b, 0x51, 0x5d, 0x46, 0x55, 0x4f, 0x03, 
    0x00, 0x59, 0x7c, 0xf7, 0x32, 0x09, 0x4b, 0x05, 0xd1, 0x00, 0x00, 0x00, 
    0x00, 0x49, 0x45, 0x4e, 0x44, 0xae, 0x42, 0x60, 0x82, 
};
static const size_t battery_level_40_symbolic_size = sizeof(battery_level_40_symbolic_data);

// Datas for battery-level-50-charging-symbolic.png
static const unsigned char battery_level_50_charging_symbolic_data[] = {
    0x89, 0x50, 0x4e, 0x47, 0x0d, 0x0a, 0x1a, 0x0a, 0x00, 0x00, 0x00, 0x0d, 
    0x49, 0x48, 0x44, 0x52, 0x00, 0x00, 0x00, 0x30, 0x00, 0x00, 0x00, 0x30, 
    0x01, 0x03, 0x00, 0x00, 0x00, 0x6d, 0xcc, 0x6b, 0xc4, 0x00, 0x00, 0x00, 
    0x06, 0x50, 0x4c, 0x54, 0x45, 0x00, 0x00, 0x00, 0xff, 0xff, 0xff, 0xa5, 
    0xd9, 0x9f, 0xdd, 0x00, 0x00, 0x00, 0x02, 0x74, 0x52, 0x4e, 0x53, 0xff, 
    0x00, 0xe5, 0xb7, 0x30, 0x4a, 0x00, 0x00, 0x00, 0x09, 0x70, 0x48, 0x59, 
    0x73, 0x00, 0x00, 0x0b, 0x13, 0x00, 0x00, 0x0b, 0x13, 0x01, 0x00, 0x9a, 
    0x9c, 0x18, 0x00, 0x00, 0x00, 0x49, 0x49, 0x44, 0x41, 0x54, 0x18, 0x19, 
    0x63, 0xf8, 0x0f, 0x06, 0x94, 0x52, 0xf3, 0xed, 0xb1, 0x51, 0x36, 0x0c, 
    0x0c, 0x0c, 0xec, 0x30, 0x8a, 0x41, 0x1e, 0x28, 0xf6, 0x1c, 0x46, 0xd9, 
    0xcf, 0x87, 0x50, 0x33, 0x18, 0xea, 0xb1, 0x53, 0x0f, 0x18, 0xe4, 0x25, 
    0xc0, 0x54, 0x83, 0x01, 0x98, 0x3a, 0x90, 0x00, 0xa6, 0x3e, 0x1e, 0xc0, 
    0x45, 0x3d, 0xc7, 0x41, 0x01, 0xed, 0xc1, 0xa0, 0xfe, 0x1f, 0x00, 0x39, 
    0x09, 0x4e, 0x81, 0x01, 0x75, 0x28, 0x00, 0x87, 0x7c, 0xe2, 0x34, 0x82, 
    0xc6, 0x05, 0xf8, 0x00, 0x00, 0x00, 0x00, 0x49, 0x45, 0x4e, 0x44, 0xae, 
    0x42, 0x60, 0x82, 
};
static const size_t battery_level_50_charging_symbolic_size = sizeof(battery_level_50_charging_symbolic_data);

// Datas for battery-level-50-symbolic.png
static const unsigned char battery_level_50_symbolic_data[] = {
    0x89, 0x50, 0x4e, 0x47, 0x0d, 0x0a, 0x1a, 0x0a, 0x00, 0x00, 0x00, 0x0d, 
    0x49, 0x48, 0x44, 0x52, 0x00, 0x00, 0x00, 0x30, 0x00, 0x00, 0x00, 0x30, 
    0x01, 0x03, 0x00, 0x00, 0x00, 0x6d, 0xcc, 0x6b, 0xc4, 0x00, 0x00, 0x00, 
    0x06, 0x50, 0x4c, 0x54, 0x45, 0x00, 0x00, 0x00, 0xff, 0xff, 0xff, 0xa5, 
    0xd9, 0x9f, 0xdd, 0x00, 0x00, 0x00, 0x02, 0x74, 0x52, 0x4e, 0x53, 0xff, 
    0x00, 0xe5, 0xb7, 0x30, 0x4a, 0x00, 0x00, 0x00, 0x09, 0x70, 0x48, 0x59, 
    0x73, 0x00, 0x00, 0x0b, 0x13, 0x00, 0x00, 0x0b, 0x13, 0x01, 0x00, 0x9a, 
    0x9c, 0x18, 0x00, 0x00, 0x00, 0x2c, 0x49, 0x44, 0x41, 0x54, 0x18, 0x19, 
    0x63, 0xf8, 0x0f, 0x06, 0x34, 0xa1, 0x7e, 0x30, 0x00, 0x01, 0x3b, 0x8c, 
    0xfa, 0x09, 0x12, 0x7b, 0x8e, 0x4e, 0x1d, 0x60, 0xa8, 0xc7, 0x4e, 0x3d, 
    0x20, 0x91, 0xc2, 0x61, 0x18, 0x56, 0x6b, 0x51, 0x5d, 0x46, 0x55, 0x4f, 
    0x03, 0x00, 0xdb, 0x32, 0xf0, 0x08, 0xec, 0xd6, 0xf9, 0xbe, 0x00, 0x00, 
    0x00, 0x00, 0x49, 0x45, 0x4e, 0x44, 0xae, 0x42, 0x60, 0x82, 
};
static const size_t battery_level_50_symbolic_size = sizeof(battery_level_50_symbolic_data);

// Datas for battery-level-60-charging-symbolic.png
static const unsigned char battery_level_60_charging_symbolic_data[] = {
    0x89, 0x50, 0x4e, 0x47, 0x0d, 0x0a, 0x1a, 0x0a, 0x00, 0x00, 0x00, 0x0d, 
    0x49, 0x48, 0x44, 0x52, 0x00, 0x00, 0x00, 0x30, 0x00, 0x00, 0x00, 0x30, 
    0x01, 0x03, 0x00, 0x00, 0x00, 0x6d, 0xcc, 0x6b, 0xc4, 0x00, 0x00, 0x00, 
    0x06, 0x50, 0x4c, 0x54, 0x45, 0x00, 0x00, 0x00, 0xff, 0xff, 0xff, 0xa5, 
    0xd9, 0x9f, 0xdd, 0x00, 0x00, 0x00, 0x02, 0x74, 0x52, 0x4e, 0x53, 0xff, 
    0x00, 0xe5, 0xb7, 0x30, 0x4a, 0x00, 0x00, 0x00, 0x09, 0x70, 0x48, 0x59, 
    0x73, 0x00, 0x00, 0x0b, 0x13, 0x00, 0x00, 0x0b, 0x13, 0x01, 0x00, 0x9a, 
    0x9c, 0x18, 0x00, 0x00, 0x00, 0x49, 0x49, 0x44, 0x41, 0x54, 0x18, 0x19, 
    0x63, 0xf8, 0x0f, 0x06, 0x94, 0x52, 0xf3, 0xed, 0xb1, 0x51, 0x36, 0x0c, 
    0x0c, 0x0c, 0xec, 0x30, 0x8a, 0x41, 0x1e, 0x28, 0xf6, 0x1c, 0x46, 0xd9, 
    0xcf, 0x87, 0x50, 0x33, 0x18, 0xf8, 0xb1, 0x53, 0x0f, 0x18, 0xe4, 0x25, 
    0xc0, 0x54, 0x83, 0x01, 0x98, 0x3a, 0x90, 0x00, 0xa6, 0x3e, 0x1e, 0xc0, 
    0x45, 0x3d, 0xc7, 0x41, 0x01, 0xed, 0xc1, 0xa0, 0xfe, 0x1f, 0x00, 0x39, 
    0x09, 0x4e, 0x81, 0x01, 0x75, 0x28, 0x00, 0xb0, 0x30, 0xdc, 0x14, 0x66, 
    0x25, 0xec, 0x02, 0x00, 0x00, 0x00, 0x00, 0x49, 0x45, 0x4e, 0x44, 0xae, 
    0x42, 0x60, 0x82, 
};
static const size_t battery_level_60_charging_symbolic_size = sizeof(battery_level_60_charging_symbolic_data);

// Datas for battery-level-60-symbolic.png
static const unsigned char battery_level_60_symbolic_data[] = {
    0x89, 0x50, 0x4e, 0x47, 0x0d, 0x0a, 0x1a, 0x0a, 0x00, 0x00, 0x00, 0x0d, 
    0x49, 0x48, 0x44, 0x52, 0x00, 0x00, 0x00, 0x30, 0x00, 0x00, 0x00, 0x30, 
    0x01, 0x03, 0x00, 0x00, 0x00, 0x6d, 0xcc, 0x6b, 0xc4, 0x00, 0x00, 0x00, 
    0x06, 0x50, 0x4c, 0x54, 0x45, 0x00, 0x00, 0x00, 0xff, 0xff, 0xff, 0xa5, 
    0xd9, 0x9f, 0xdd, 0x00, 0x00, 0x00, 0x02, 0x74, 0x52, 0x4e, 0x53, 0xff, 
    0x00, 0xe5, 0xb7, 0x30, 0x4a, 0x00, 0x00, 0x00, 0x09, 0x70, 0x48, 0x59, 
    0x73, 0x00, 0x00, 0x0b, 0x13, 0x00, 0x00, 0x0b, 0x13, 0x01, 0x00, 0x9a, 
    0x9c, 0x18, 0x00, 0x00, 0x00, 0x2c, 0x49, 0x44, 0x41, 0x54, 0x18, 0x19, 
    0x63, 0xf8, 0x0f, 0x06, 0x34, 0xa1, 0x7e, 0x30, 0x00, 0x01, 0x3b, 0x8c, 
    0xfa, 0x09, 0x12, 0x7b, 0x8e, 0x4e, 0x1d, 0x60, 0xe0, 0xc7, 0x4e, 0x3d, 
    0x20, 0x91, 0xc2, 0x61, 0x18, 0x56, 0x6b, 0x51, 0x5d, 0x46, 0x55, 0x4f, 
    0x03, 0x00, 0x03, 0xf5, 0xe9, 0xe8, 0xd3, 0xd1, 0xa6, 0xaa, 0x00, 0x00, 
    0x00, 0x00, 0x49, 0x45, 0x4e, 0x44, 0xae, 0x42, 0x60, 0x82, 
};
static const size_t battery_level_60_symbolic_size = sizeof(battery_level_60_symbolic_data);

// Datas for battery-level-70-charging-symbolic.png
static const unsigned char battery_level_70_charging_symbolic_data[] = {
    0x89, 0x50, 0x4e, 0x47, 0x0d, 0x0a, 0x1a, 0x0a, 0x00, 0x00, 0x00, 0x0d, 
    0x49, 0x48, 0x44, 0x52, 0x00, 0x00, 0x00, 0x30, 0x00, 0x00, 0x00, 0x30, 
    0x01, 0x03, 0x00, 0x00, 0x00, 0x6d, 0xcc, 0x6b, 0xc4, 0x00, 0x00, 0x00, 
    0x06, 0x50, 0x4c, 0x54, 0x45, 0x00, 0x00, 0x00, 0xff, 0xff, 0xff, 0xa5, 
    0xd9, 0x9f, 0xdd, 0x00, 0x00, 0x00, 0x02, 0x74, 0x52, 0x4e, 0x53, 0xff, 
    0x00, 0xe5, 0xb7, 0x30, 0x4a, 0x00, 0x00, 0x00, 0x09, 0x70, 0x48, 0x59, 
    0x73, 0x00, 0x00, 0x0b, 0x13, 0x00, 0x00, 0x0b, 0x13, 0x01, 0x00, 0x9a, 
    0x9c, 0x18, 0x00, 0x00, 0x00, 0x49, 0x49, 0x44, 0x41, 0x54, 0x18, 0x19, 
    0x63, 0xf8, 0x0f, 0x06, 0x94, 0x52, 0xf3, 0xed, 0xb1, 0x51, 0x36, 0x0c, 
    0x0c, 0x0c, 0xec, 0x30, 0x8a, 0x41, 0x1e, 0x28, 0xf6, 0x1c, 0x46, 0xd9, 
    0xcf, 0x87, 0x50, 0x33, 0x18, 0x18, 0xb1, 0x53, 0x0f, 0x18, 0xe4, 0x25, 
    0xc0, 0x54, 0x83, 0x01, 0x98, 0x3a, 0x90, 0x00, 0xa6, 0x3e, 0x1e, 0xc0, 
    0x45, 0x3d, 0xc7, 0x41, 0x01, 0xed, 0xc1, 0xa0, 0xfe, 0x1f, 0x00, 0x39, 
    0x09, 0x4e, 0x81, 0x01, 0x75, 0x28, 0x00, 0x35, 0x4e, 0xdb, 0x50, 0x2f, 
    0x3b, 0xc0, 0x0b, 0x00, 0x00, 0x00, 0x00, 0x49, 0x45, 0x4e, 0x44, 0xae, 
    0x42, 0x60, 0x82, 
};
static const size_t battery_level_70_charging_symbolic_size = sizeof(battery_level_70_charging_symbolic_data);

// Datas for battery-level-70-symbolic.png
static const unsigned char battery_level_70_symbolic_data[] = {
    0x89, 0x50, 0x4e, 0x47, 0x0d, 0x0a, 0x1a, 0x0a, 0x00, 0x00, 0x00, 0x0d, 
    0x49, 0x48, 0x44, 0x52, 0x00, 0x00, 0x00, 0x30, 0x00, 0x00, 0x00, 0x30, 
    0x01, 0x03, 0x00, 0x00, 0x00, 0x6d, 0xcc, 0x6b, 0xc4, 0x00, 0x00, 0x00, 
    0x06, 0x50, 0x4c, 0x54, 0x45, 0x00, 0x00, 0x00, 0xff, 0xff, 0xff, 0xa5, 
    0xd9, 0x9f, 0xdd, 0x00, 0x00, 0x00, 0x02, 0x74, 0x52, 0x4e, 0x53, 0xff, 
    0x00, 0xe5, 0xb7, 0x30, 0x4a, 0x00, 0x00, 0x00, 0x09, 0x70, 0x48, 0x59, 
    0x73, 0x00, 0x00, 0x0b, 0x13, 0x00, 0x00, 0x0b, 0x13, 0x01, 0x00, 0x9a, 
    0x9c, 0x18, 0x00, 0x00, 0x00, 0x2c, 0x49, 0x44, 0x41, 0x54, 0x18, 0x19, 
    0x63, 0xf8, 0x0f, 0x06, 0x34, 0xa1, 0x7e, 0x30, 0x00, 0x01, 0x3b, 0x8c, 
    0xfa, 0x09, 0x12, 0x7b, 0x8e, 0x4e, 0x1d, 0x60, 0x60, 0xc4, 0x4e, 0x3d, 
    0x20, 0x91, 0xc2, 0x61, 0x18, 0x56, 0x6b, 0x51, 0x5d, 0x46, 0x55, 0x4f, 
    0x03, 0x00, 0x89, 0x04, 0xe9, 0x24, 0x43, 0x12, 0xa4, 0xa5, 0x00, 0x00, 
    0x00, 0x00, 0x49, 0x45, 0x4e, 0x44, 0xae, 0x42, 0x60, 0x82, 
};
static const size_t battery_level_70_symbolic_size = sizeof(battery_level_70_symbolic_data);

// Datas for battery-level-80-charging-symbolic.png
static const unsigned char battery_level_80_charging_symbolic_data[] = {
    0x89, 0x50, 0x4e, 0x47, 0x0d, 0x0a, 0x1a, 0x0a, 0x00, 0x00, 0x00, 0x0d, 
    0x49, 0x48, 0x44, 0x52, 0x00, 0x00, 0x00, 0x30, 0x00, 0x00, 0x00, 0x30, 
    0x01, 0x03, 0x00, 0x00, 0x00, 0x6d, 0xcc, 0x6b, 0xc4, 0x00, 0x00, 0x00, 
    0x06, 0x50, 0x4c, 0x54, 0x45, 0x00, 0x00, 0x00, 0xff, 0xff, 0xff, 0xa5, 
    0xd9, 0x9f, 0xdd, 0x00, 0x00, 0x00, 0x02, 0x74, 0x52, 0x4e, 0x53, 0xff, 
    0x00, 0xe5, 0xb7, 0x30, 0x4a, 0x00, 0x00, 0x00, 0x09, 0x70, 0x48, 0x59, 
    0x73, 0x00, 0x00, 0x0b, 0x13, 0x00, 0x00, 0x0b, 0x13, 0x01, 0x00, 0x9a, 
    0x9c, 0x18, 0x00, 0x00, 0x00, 0x4a, 0x49, 0x44, 0x41, 0x54, 0x18, 0x19, 
    0x63, 0xf8, 0x0f, 0x06, 0x94, 0x52, 0xf3, 0xed, 0xb1, 0x51, 0x36, 0x0c, 
    0x0c, 0x0c, 0xec, 0x30, 0x8a, 0x41, 0x1e, 0x28, 0xf6, 0x1c, 0x46, 0xd9, 
    0xcf, 0x87, 0x50, 0x33, 0x18, 0x18, 0xec, 0xb1, 0x52, 0x0f, 0x18, 0xe4, 
    0x25, 0xc0, 0x54, 0x83, 0x01, 0x98, 0x3a, 0x90, 0x00, 0xa6, 0x3e, 0x1e, 
    0xc0, 0x45, 0x3d, 0xc7, 0x41, 0x81, 0x9c, 0x82, 0x4e, 0xfd, 0x3f, 0x00, 
    0x72, 0x12, 0x9c, 0x02, 0x03, 0xea, 0x50, 0x00, 0xa1, 0x5e, 0xd0, 0xc2, 
    0xa0, 0x0c, 0x37, 0x2f, 0x00, 0x00, 0x00, 0x00, 0x49, 0x45, 0x4e, 0x44, 
    0xae, 0x42, 0x60, 0x82, 
};
static const size_t battery_level_80_charging_symbolic_size = sizeof(battery_level_80_charging_symbolic_data);

// Datas for battery-level-80-symbolic.png
static const unsigned char battery_level_80_symbolic_data[] = {
    0x89, 0x50, 0x4e, 0x47, 0x0d, 0x0a, 0x1a, 0x0a, 0x00, 0x00, 0x00, 0x0d, 
    0x49, 0x48, 0x44, 0x52, 0x00, 0x00, 0x00, 0x30, 0x00, 0x00, 0x00, 0x30, 
    0x01, 0x03, 0x00, 0x00, 0x00, 0x6d, 0xcc, 0x6b, 0xc4, 0x00, 0x00, 0x00, 
    0x06, 0x50, 0x4c, 0x54, 0x45, 0x00, 0x00, 0x00, 0xff, 0xff, 0xff, 0xa5, 
    0xd9, 0x9f, 0xdd, 0x00, 0x00, 0x00, 0x02, 0x74, 0x52, 0x4e, 0x53, 0xff, 
    0x00, 0xe5, 0xb7, 0x30, 0x4a, 0x00, 0x00, 0x00, 0x09, 0x70, 0x48, 0x59, 
    0x73, 0x00, 0x00, 0x0b, 0x13, 0x00, 0x00, 0x0b, 0x13, 0x01, 0x00, 0x9a, 
    0x9c, 0x18, 0x00, 0x00, 0x00, 0x2d, 0x49, 0x44, 0x41, 0x54, 0x18, 0x19, 
    0x63, 0xf8, 0x0f, 0x06, 0x34, 0xa1, 0x7e, 0x30, 0x00, 0x01, 0x3b, 0x8c, 
    0xfa, 0x09, 0x12, 0x7b, 0x8e, 0x4e, 0x1d, 0x60, 0x60, 0xb0, 0xc7, 0x4a, 
    0x3d, 0x20, 0x95, 0xc2, 0x6e, 0x18, 0x56, 0x6b, 0x51, 0x5d, 0x46, 0x55, 
    0x4f, 0x03, 0x00, 0xf5, 0x14, 0xde, 0x96, 0x0b, 0xc0, 0xc0, 0xfc, 0x00, 
    0x00, 0x00, 0x00, 0x49, 0x45, 0x4e, 0x44, 0xae, 0x42, 0x60, 0x82, 
};
static const size_t battery_level_80_symbolic_size = sizeof(battery_level_80_symbolic_data);

// Datas for battery-level-90-charging-symbolic.png
static const unsigned char battery_level_90_charging_symbolic_data[] = {
    0x89, 0x50, 0x4e, 0x47, 0x0d, 0x0a, 0x1a, 0x0a, 0x00, 0x00, 0x00, 0x0d, 
    0x49, 0x48, 0x44, 0x52, 0x00, 0x00, 0x00, 0x30, 0x00, 0x00, 0x00, 0x30, 
    0x01, 0x03, 0x00, 0x00, 0x00, 0x6d, 0xcc, 0x6b, 0xc4, 0x00, 0x00, 0x00, 
    0x06, 0x50, 0x4c, 0x54, 0x45, 0x00, 0x00, 0x00, 0xff, 0xff, 0xff, 0xa5, 
    0xd9, 0x9f, 0xdd, 0x00, 0x00, 0x00, 0x02, 0x74, 0x52, 0x4e, 0x53, 0xff, 
    0x00, 0xe5, 0xb7, 0x30, 0x4a, 0x00, 0x00, 0x00, 0x09, 0x70, 0x48, 0x59, 
    0x73, 0x00, 0x00, 0x0b, 0x13, 0x00, 0x00, 0x0b, 0x13, 0x01, 0x00, 0x9a, 
    0x9c, 0x18, 0x00, 0x00, 0x00, 0x49, 0x49, 0x44, 0x41, 0x54, 0x18, 0x19, 
    0x63, 0xf8, 0x0f, 0x06, 0x94, 0x52, 0xf3, 0xed, 0xb1, 0x51, 0x36, 0x0c, 
    0x0c, 0x0c, 0xec, 0x30, 0x8a, 0x41, 0x1e, 0x28, 0xf6, 0x1c, 0x46, 0xd9, 
    0xcf, 0x87, 0x50, 0x33, 0x80, 0x52, 0x58, 0xa9, 0x07, 0x0c, 0xf2, 0x12, 
    0x60, 0xaa, 0xc1, 0x00, 0x4c, 0x1d, 0x48, 0x00, 0x53, 0x1f, 0x0f, 0xe0, 
    0xa2, 0x9e, 0xe3, 0xa0, 0x40, 0x4e, 0x41, 0xa7, 0xfe, 0x1f, 0x00, 0x39, 
    0x09, 0x4e, 0x81, 0x01, 0x75, 0x28, 0x00, 0xb8, 0xc8, 0xcd, 0xb2, 0x0a, 
    0x76, 0x23, 0xfd, 0x00, 0x00, 0x00, 0x00, 0x49, 0x45, 0x4e, 0x44, 0xae, 
    0x42, 0x60, 0x82, 
};
static const size_t battery_level_90_charging_symbolic_size = sizeof(battery_level_90_charging_symbolic_data);

// Datas for battery-level-90-symbolic.png
static const unsigned char battery_level_90_symbolic_data[] = {
    0x89, 0x50, 0x4e, 0x47, 0x0d, 0x0a, 0x1a, 0x0a, 0x00, 0x00, 0x00, 0x0d, 
    0x49, 0x48, 0x44, 0x52, 0x00, 0x00, 0x00, 0x30, 0x00, 0x00, 0x00, 0x30, 
    0x01, 0x03, 0x00, 0x00, 0x00, 0x6d, 0xcc, 0x6b, 0xc4, 0x00, 0x00, 0x00, 
    0x06, 0x50, 0x4c, 0x54, 0x45, 0x00, 0x00, 0x00, 0xff, 0xff, 0xff, 0xa5, 
    0xd9, 0x9f, 0xdd, 0x00, 0x00, 0x00, 0x02, 0x74, 0x52, 0x4e, 0x53, 0xff, 
    0x00, 0xe5, 0xb7, 0x30, 0x4a, 0x00, 0x00, 0x00, 0x09, 0x70, 0x48, 0x59, 
    0x73, 0x00, 0x00, 0x0b, 0x13, 0x00, 0x00, 0x0b, 0x13, 0x01, 0x00, 0x9a, 
    0x9c, 0x18, 0x00, 0x00, 0x00, 0x2b, 0x49, 0x44, 0x41, 0x54, 0x18, 0x19, 
    0x63, 0xf8, 0x0f, 0x06, 0x34, 0xa1, 0x7e, 0x30, 0x00, 0x01, 0x3b, 0x8c, 
    0xfa, 0x09, 0x12, 0x7b, 0x8e, 0x4e, 0x1d, 0x00, 0x4a, 0x61, 0xa5, 0x1e, 
    0x90, 0x4a, 0x61, 0x37, 0x0c, 0xab, 0xb5, 0xa8, 0x2e, 0xa3, 0xaa, 0xa7, 
    0x01, 0x0c, 0x8d, 0xdb, 0x86, 0x0a, 0xb3, 0xb4, 0x2d, 0x00, 0x00, 0x00, 
    0x00, 0x49, 0x45, 0x4e, 0x44, 0xae, 0x42, 0x60, 0x82, 
};
static const size_t battery_level_90_symbolic_size = sizeof(battery_level_90_symbolic_data);

// Datas for charge.png
static const unsigned char charge_data[] = {
    0x89, 0x50, 0x4e, 0x47, 0x0d, 0x0a, 0x1a, 0x0a, 0x00, 0x00, 0x00, 0x0d, 
    0x49, 0x48, 0x44, 0x52, 0x00, 0x00, 0x00, 0x18, 0x00, 0x00, 0x00, 0x18, 
    0x08, 0x06, 0x00, 0x00, 0x00, 0xe0, 0x77, 0x3d, 0xf8, 0x00, 0x00, 0x01, 
    0x7a, 0x49, 0x44, 0x41, 0x54, 0x78, 0x9c, 0xbd, 0x96, 0xbf, 0x4a, 0x5c, 
    0x41, 0x14, 0x87, 0xbf, 0xef, 0xde, 0x35, 0x68, 0xa7, 0x04, 0x95, 0x60, 
    0x91, 0xc6, 0xc2, 0xca, 0xd2, 0xc6, 0x36, 0x6f, 0x90, 0xc2, 0xec, 0x13, 
    0xa4, 0x4c, 0x13, 0xb0, 0x49, 0x61, 0xef, 0x43, 0x84, 0x14, 0x29, 0xac, 
    0x7c, 0x01, 0x41, 0x1f, 0x21, 0x08, 0x82, 0x4a, 0x3a, 0x1b, 0x41, 0x88, 
    0x62, 0x63, 0x34, 0xf1, 0x4e, 0x8a, 0x3d, 0x03, 0x83, 0xec, 0xea, 0xde, 
    0xbd, 0x4b, 0x7e, 0x30, 0x1c, 0xee, 0x99, 0x99, 0xef, 0x9c, 0x39, 0xf3, 
    0x87, 0x0b, 0x93, 0xcb, 0x0e, 0x73, 0xc7, 0x86, 0xcf, 0xbf, 0x14, 0xac, 
    0x9a, 0x00, 0xde, 0x03, 0x12, 0xf0, 0x05, 0xd8, 0xec, 0xc0, 0x19, 0xaa, 
    0x3a, 0xec, 0x3b, 0xf5, 0x47, 0x80, 0xeb, 0xd1, 0xc3, 0xdb, 0xa9, 0x62, 
    0x50, 0x8a, 0x35, 0xf5, 0x1a, 0xf8, 0x1c, 0xfe, 0xde, 0x34, 0xe0, 0x46, 
    0x9b, 0x51, 0x2f, 0xd4, 0x07, 0xe0, 0x6d, 0x11, 0xb8, 0x33, 0x7c, 0x06, 
    0xa8, 0xd4, 0xef, 0x6a, 0x52, 0x8f, 0x8a, 0xbe, 0xce, 0xca, 0x25, 0xf8, 
    0x1a, 0xf0, 0x06, 0xf8, 0x54, 0x04, 0x9e, 0x0a, 0xfc, 0x43, 0xc0, 0x1f, 
    0xd4, 0x04, 0xac, 0x86, 0xbf, 0x53, 0x79, 0x32, 0xfc, 0x7d, 0x01, 0x6f, 
    0xd4, 0x3d, 0x06, 0xd9, 0x97, 0x70, 0x81, 0x57, 0xc3, 0x20, 0xa3, 0x6a, 
    0x58, 0x01, 0x0d, 0xf0, 0x26, 0x8e, 0xe3, 0x62, 0x7c, 0xd7, 0xc0, 0x05, 
    0x70, 0x17, 0x73, 0x9b, 0x68, 0xbf, 0x53, 0x4a, 0x7d, 0xe0, 0xbc, 0xf0, 
    0x8f, 0x54, 0x3e, 0x31, 0xcb, 0xea, 0x71, 0x64, 0x9d, 0xb3, 0x6f, 0x62, 
    0x35, 0x4f, 0xdb, 0x4e, 0xcc, 0x1d, 0xeb, 0x4e, 0xd4, 0x0c, 0x4e, 0xcc, 
    0xc1, 0x08, 0x58, 0xa3, 0x3e, 0xaa, 0xf7, 0xb1, 0x1f, 0xbb, 0x6d, 0xe1, 
    0x00, 0x1f, 0xd5, 0x9f, 0xea, 0x89, 0x7a, 0xa6, 0x9e, 0x87, 0xbd, 0x8d, 
    0x20, 0x7f, 0xc2, 0x1e, 0xc6, 0xf8, 0x1e, 0x2d, 0x8f, 0xec, 0xdc, 0x10, 
    0xdf, 0x92, 0xfa, 0x4b, 0xfd, 0x1b, 0xab, 0x38, 0x01, 0x56, 0xf2, 0x8a, 
    0xdb, 0xc0, 0x9f, 0x2a, 0x67, 0xd7, 0x2f, 0x4a, 0x74, 0x03, 0x2c, 0x47, 
    0x7f, 0xe7, 0x9b, 0x5c, 0x03, 0xa8, 0xfb, 0x51, 0xfb, 0x04, 0x6c, 0x15, 
    0xc1, 0x3b, 0x29, 0xd7, 0xf5, 0xb5, 0x7a, 0x19, 0xf0, 0xfe, 0xb4, 0xe0, 
    0x19, 0x62, 0x55, 0x55, 0xdb, 0x51, 0x9e, 0x6f, 0xe1, 0xef, 0xfc, 0x44, 
    0x64, 0x55, 0x00, 0xea, 0xa9, 0xba, 0x5f, 0x06, 0x9d, 0x1a, 0x1c, 0xd8, 
    0x50, 0xaf, 0x80, 0x85, 0xf0, 0xb5, 0xda, 0xd4, 0xe7, 0x06, 0xe7, 0xbe, 
    0xf5, 0x94, 0xd2, 0x16, 0x70, 0xcd, 0x18, 0xcf, 0xc0, 0x24, 0x9a, 0x0d, 
    0xfb, 0x5f, 0xfe, 0x22, 0x5a, 0xeb, 0x1f, 0xab, 0xbe, 0x56, 0x5f, 0x6f, 
    0x7f, 0xd2, 0x0a, 0x00, 0x00, 0x00, 0x00, 0x49, 0x45, 0x4e, 0x44, 0xae, 
    0x42, 0x60, 0x82, 
};
static const size_t charge_size = sizeof(charge_data);

// Datas for check.png
static const unsigned char check_data[] = {
    0x89, 0x50, 0x4e, 0x47, 0x0d, 0x0a, 0x1a, 0x0a, 0x00, 0x00, 0x00, 0x0d, 
    0x49, 0x48, 0x44, 0x52, 0x00, 0x00, 0x00, 0x0e, 0x00, 0x00, 0x00, 0x0e, 
    0x08, 0x06, 0x00, 0x00, 0x00, 0x1f, 0x48, 0x2d, 0xd1, 0x00, 0x00, 0x00, 
    0xad, 0x49, 0x44, 0x41, 0x54, 0x78, 0x9c, 0x95, 0xd1, 0x3b, 0x6a, 0x03, 
    0x41, 0x10, 0x84, 0xe1, 0x6f, 0x57, 0x56, 0xe2, 0x95, 0xad, 0x48, 0x81, 
    0xc1, 0xe8, 0x5c, 0x7a, 0xa0, 0xcc, 0xbe, 0x9b, 0x51, 0x24, 0xa5, 0x4e, 
    0x8c, 0x1e, 0x99, 0x0e, 0xe0, 0x4b, 0xf8, 0x0e, 0x72, 0xe0, 0x1e, 0x68, 
    0xc4, 0x9a, 0xd5, 0x14, 0x34, 0x33, 0x4c, 0xd7, 0x4f, 0x57, 0x33, 0x8d, 
    0x3a, 0x35, 0x51, 0xd5, 0x50, 0xb5, 0xda, 0x38, 0x3b, 0xec, 0xb1, 0xac, 
    0x81, 0x9e, 0x70, 0xc6, 0x15, 0x6f, 0xb9, 0xd9, 0xf6, 0x40, 0xa3, 0x38, 
    0x1f, 0x71, 0x0c, 0x68, 0x51, 0x9a, 0x39, 0x7b, 0xbe, 0xe7, 0x78, 0x87, 
    0x80, 0x4a, 0xc4, 0x87, 0x62, 0x9a, 0xe3, 0xb5, 0x67, 0xfa, 0x24, 0xc5, 
    0x5b, 0xc5, 0xdb, 0xb8, 0x40, 0x2f, 0xf8, 0xc1, 0x37, 0x66, 0x69, 0x72, 
    0x87, 0x53, 0x40, 0xeb, 0x5b, 0x08, 0xa6, 0xd8, 0x85, 0xe1, 0x82, 0xe7, 
    0x30, 0x94, 0x78, 0x8b, 0x3e, 0x28, 0x6b, 0x1b, 0xc6, 0x2f, 0x7c, 0xfe, 
    0xb7, 0x53, 0x56, 0xd9, 0xa9, 0x49, 0xf0, 0x15, 0x9b, 0xa1, 0x49, 0x65, 
    0xa7, 0x52, 0x1f, 0x78, 0xbf, 0x07, 0xca, 0xf0, 0x6d, 0x92, 0xbb, 0xd5, 
    0xf8, 0xfb, 0xf4, 0x41, 0xe8, 0x17, 0xd0, 0xf0, 0x1b, 0x97, 0x36, 0x23, 
    0x3a, 0x1c, 0x00, 0x00, 0x00, 0x00, 0x49, 0x45, 0x4e, 0x44, 0xae, 0x42, 
    0x60, 0x82, 
};
static const size_t check_size = sizeof(check_data);

// Datas for eco.png
static const unsigned char eco_data[] = {
    0x89, 0x50, 0x4e, 0x47, 0x0d, 0x0a, 0x1a, 0x0a, 0x00, 0x00, 0x00, 0x0d, 
    0x49, 0x48, 0x44, 0x52, 0x00, 0x00, 0x00, 0x18, 0x00, 0x00, 0x00, 0x18, 
    0x08, 0x06, 0x00, 0x00, 0x00, 0xe0, 0x77, 0x3d, 0xf8, 0x00, 0x00, 0x04, 
    0x1b, 0x49, 0x44, 0x41, 0x54, 0x78, 0x9c, 0xc5, 0x56, 0xcf, 0x8b, 0x1c, 
    0x45, 0x14, 0xfe, 0x5e, 0x55, 0x75, 0xcf, 0xf4, 0x0c, 0xeb, 0xae, 0x51, 
    0x73, 0x08, 0x81, 0xcd, 0x61, 0xf1, 0x30, 0x12, 0xd7, 0xa4, 0x35, 0xdb, 
    0x33, 0x63, 0xa6, 0x45, 0x0c, 0x84, 0x9c, 0x3c, 0xa4, 0x2f, 0xd1, 0x68, 
    0x88, 0x8a, 0x88, 0xe4, 0xa4, 0x57, 0x19, 0xe7, 0x2f, 0xf0, 0xa0, 0x46, 
    0x02, 0x62, 0x08, 0x89, 0x07, 0x1d, 0x50, 0x84, 0x24, 0x84, 0x60, 0xcc, 
    0x0e, 0x92, 0xad, 0x9d, 0x19, 0x26, 0xc1, 0x18, 0x56, 0x08, 0x0b, 0x7b, 
    0xdb, 0x4b, 0x24, 0xc8, 0x32, 0xd3, 0x33, 0xdd, 0x5d, 0x5d, 0xe5, 0xc1, 
    0x59, 0x99, 0x9d, 0x8c, 0x3f, 0x12, 0x22, 0xbe, 0x53, 0x53, 0x55, 0xef, 
    0xfb, 0xde, 0xab, 0xef, 0xf1, 0x75, 0x01, 0xff, 0x71, 0xd0, 0x83, 0xe4, 
    0x04, 0x41, 0xc0, 0xfe, 0x6a, 0xb3, 0x5e, 0xaf, 0x6b, 0x00, 0xe6, 0xbe, 
    0x51, 0x83, 0x20, 0xe0, 0x85, 0x42, 0xc1, 0xbe, 0xdf, 0xa2, 0xfe, 0xed, 
    0x61, 0x1a, 0xad, 0xca, 0xf7, 0x7d, 0x2f, 0x8a, 0x22, 0xad, 0xb5, 0xde, 
    0xd2, 0x89, 0x65, 0x59, 0x22, 0x49, 0x92, 0x9b, 0xad, 0x56, 0x6b, 0x63, 
    0x33, 0x47, 0x8c, 0xec, 0x33, 0x00, 0x7a, 0x1c, 0xb9, 0x50, 0x28, 0xd8, 
    0x2b, 0x2b, 0x2b, 0xf1, 0xc2, 0xc2, 0xc2, 0x42, 0x36, 0x9b, 0x3d, 0x14, 
    0xc7, 0xf1, 0x9c, 0x65, 0x59, 0x47, 0x18, 0x63, 0x20, 0x22, 0x18, 0x63, 
    0x40, 0x44, 0xd0, 0x5a, 0x83, 0x88, 0x90, 0x24, 0xc9, 0x8b, 0x00, 0xae, 
    0x06, 0x41, 0xc0, 0xea, 0xf5, 0x7a, 0x3a, 0x4a, 0xa0, 0x7d, 0xdf, 0xcf, 
    0xde, 0xb9, 0x73, 0x47, 0x07, 0x41, 0xa0, 0x16, 0x17, 0x17, 0x59, 0xa3, 
    0xd1, 0x50, 0x43, 0x70, 0xd7, 0xb2, 0xac, 0xcb, 0x8c, 0xb1, 0x47, 0x00, 
    0xdc, 0xde, 0xd8, 0xd8, 0x28, 0x32, 0xc6, 0xb8, 0xd6, 0x3a, 0xe5, 0x9c, 
    0xb3, 0x34, 0x4d, 0x35, 0x80, 0x42, 0x3e, 0x9f, 0x3f, 0x05, 0xa0, 0x3f, 
    0x5a, 0xa0, 0xd8, 0x6c, 0xa5, 0x58, 0x2c, 0x3e, 0x17, 0x45, 0xd1, 0xe5, 
    0x99, 0x99, 0x99, 0x99, 0x2b, 0x57, 0xae, 0x80, 0x73, 0x8e, 0x62, 0xb1, 
    0x78, 0x8a, 0x88, 0xce, 0x00, 0x58, 0x24, 0xa2, 0x41, 0x18, 0x86, 0xf3, 
    0xcd, 0x66, 0xf3, 0x67, 0x4c, 0x10, 0xd1, 0xf3, 0xbc, 0x1e, 0x11, 0x89, 
    0xf1, 0x75, 0xe6, 0xfb, 0x3e, 0x1f, 0x7e, 0x7f, 0x96, 0xcb, 0xe5, 0x66, 
    0x8c, 0x31, 0x4d, 0xa5, 0xd4, 0x87, 0x51, 0x14, 0x9d, 0x15, 0x42, 0xbc, 
    0x2d, 0x84, 0x58, 0x62, 0x8c, 0x0d, 0x94, 0x52, 0x2f, 0x35, 0x9b, 0xcd, 
    0x9b, 0x00, 0xc8, 0xf7, 0xfd, 0xcd, 0xc2, 0x00, 0xfc, 0x31, 0x00, 0x4a, 
    0xa9, 0xa9, 0x09, 0xda, 0xe1, 0x4f, 0x91, 0x8c, 0x31, 0x3a, 0x8a, 0xa2, 
    0xdb, 0x69, 0x9a, 0x1e, 0x5e, 0x5e, 0x5e, 0xae, 0x11, 0xd1, 0x47, 0x00, 
    0x74, 0x92, 0x24, 0x69, 0x1c, 0xc7, 0x15, 0x29, 0x65, 0xbb, 0x5a, 0xad, 
    0x32, 0x00, 0xa6, 0xd1, 0x68, 0x28, 0xd7, 0x75, 0xc5, 0xfe, 0xfd, 0xfb, 
    0x7f, 0x2c, 0x95, 0x4a, 0x27, 0xea, 0xf5, 0x7a, 0x9a, 0xc9, 0x64, 0x26, 
    0x8e, 0xee, 0xe8, 0x62, 0x2e, 0x4d, 0xd3, 0x75, 0xce, 0xf9, 0x7c, 0xa5, 
    0x52, 0x31, 0x44, 0x74, 0x6d, 0x38, 0x25, 0x9d, 0x56, 0xab, 0xf5, 0x53, 
    0x10, 0x04, 0xbc, 0x56, 0xab, 0x01, 0x80, 0xd9, 0xbd, 0x7b, 0xf7, 0xa3, 
    0xb9, 0x5c, 0xee, 0xaa, 0x6d, 0xdb, 0xcf, 0x1b, 0x63, 0xd2, 0x49, 0xc0, 
    0x93, 0x08, 0xa6, 0x88, 0x68, 0x9b, 0x94, 0xf2, 0x42, 0x1c, 0xc7, 0x27, 
    0x38, 0xe7, 0x0e, 0x63, 0x0c, 0xc6, 0x98, 0x37, 0x01, 0xd0, 0x8d, 0x1b, 
    0x37, 0x04, 0x00, 0xb8, 0xae, 0x3b, 0x3d, 0x3d, 0x3d, 0x7d, 0x51, 0x08, 
    0x51, 0xee, 0x76, 0xbb, 0x47, 0xa5, 0x94, 0x27, 0x01, 0x20, 0x49, 0x12, 
    0x35, 0x91, 0xa0, 0xd1, 0x68, 0xa4, 0x00, 0x40, 0x44, 0x87, 0x19, 0x63, 
    0x4f, 0x95, 0x4a, 0xa5, 0x77, 0x96, 0x97, 0x97, 0x3f, 0x51, 0x4a, 0x1d, 
    0x11, 0x42, 0x40, 0x6b, 0xfd, 0xc4, 0xc1, 0x83, 0x07, 0xed, 0xd5, 0xd5, 
    0xd5, 0x68, 0xe7, 0xce, 0x9d, 0x19, 0xdb, 0xb6, 0x7f, 0xb0, 0x2c, 0xcb, 
    0xeb, 0xf5, 0x7a, 0x6f, 0x34, 0x9b, 0xcd, 0x73, 0x73, 0x73, 0x73, 0x99, 
    0x7f, 0xea, 0xc0, 0x00, 0x20, 0x29, 0x65, 0x5b, 0x6b, 0x7d, 0x2b, 0x9b, 
    0xcd, 0x9e, 0xf4, 0x3c, 0xef, 0x15, 0x63, 0xcc, 0x40, 0x29, 0xa5, 0x38, 
    0xe7, 0x5f, 0x5f, 0xba, 0x74, 0x29, 0x9a, 0x9f, 0x9f, 0x9f, 0xd9, 0xb5, 
    0x6b, 0xd7, 0xf7, 0x8e, 0xe3, 0xec, 0x1d, 0x0c, 0x06, 0xc7, 0x5b, 0xad, 
    0xd6, 0x17, 0xbe, 0xef, 0x67, 0xf7, 0xec, 0xd9, 0xa3, 0x00, 0x80, 0x31, 
    0xc6, 0x8d, 0x31, 0x9a, 0x88, 0xcc, 0x38, 0x01, 0xaa, 0xd5, 0x2a, 0xb9, 
    0xae, 0x6b, 0x85, 0x61, 0xf8, 0x42, 0x14, 0x45, 0xad, 0x7c, 0x3e, 0x7f, 
    0xce, 0x71, 0x9c, 0x6f, 0x88, 0x48, 0x10, 0xd1, 0x63, 0x9e, 0xe7, 0x55, 
    0x1d, 0xc7, 0xb9, 0x68, 0xdb, 0x76, 0x29, 0x0c, 0xc3, 0x63, 0x52, 0xca, 
    0xd3, 0xbe, 0xef, 0x8b, 0x46, 0xa3, 0x31, 0x00, 0xc0, 0x01, 0x40, 0x29, 
    0xf5, 0xab, 0x10, 0x82, 0x01, 0xb0, 0x46, 0x09, 0x68, 0x8c, 0x4c, 0x7b, 
    0x9e, 0xb7, 0x2d, 0x93, 0xc9, 0x3c, 0x19, 0x45, 0x11, 0xe7, 0x9c, 0xa7, 
    0x5a, 0xeb, 0x4f, 0x6d, 0xdb, 0xde, 0x6b, 0x8c, 0x41, 0xbf, 0xdf, 0x7f, 
    0xb5, 0xdd, 0x6e, 0x7f, 0x79, 0xe0, 0xc0, 0x81, 0xfc, 0xdd, 0xbb, 0x77, 
    0xe3, 0x4e, 0xa7, 0xa3, 0x00, 0x98, 0x20, 0x08, 0xf8, 0xfa, 0xfa, 0xfa, 
    0x2f, 0x44, 0xd4, 0x88, 0xe3, 0xf8, 0x3d, 0xc7, 0x71, 0xc2, 0xe1, 0xd5, 
    0x9b, 0x71, 0x2f, 0xda, 0xe2, 0x39, 0x00, 0x44, 0xb9, 0x5c, 0x96, 0x9c, 
    0xf3, 0x67, 0x8d, 0x31, 0x48, 0x92, 0xe4, 0x75, 0x22, 0xba, 0x2e, 0xa5, 
    0xbc, 0xb5, 0x79, 0xa0, 0x52, 0xa9, 0x14, 0x93, 0x24, 0xf9, 0x0a, 0xc0, 
    0x75, 0x29, 0xe5, 0xcb, 0xe3, 0x38, 0xf7, 0x98, 0x9d, 0xeb, 0xba, 0x16, 
    0x00, 0x58, 0x96, 0x35, 0x25, 0x84, 0xb8, 0xcc, 0x39, 0x77, 0xe3, 0x38, 
    0xfe, 0xc0, 0x18, 0x73, 0x28, 0x9f, 0xcf, 0x17, 0xc3, 0x30, 0xfc, 0xcd, 
    0x18, 0xf3, 0xf1, 0x30, 0x77, 0x76, 0x6a, 0x6a, 0xea, 0x68, 0xb7, 0xdb, 
    0x3d, 0x23, 0xa5, 0x3c, 0x56, 0xad, 0x56, 0x59, 0xad, 0x56, 0xdb, 0xe2, 
    0x67, 0xe3, 0x04, 0x0c, 0x80, 0x9e, 0x9d, 0x9d, 0xcd, 0xee, 0xd8, 0xb1, 
    0xe3, 0x5a, 0x36, 0x9b, 0xdd, 0xdb, 0xed, 0x76, 0xdf, 0x6a, 0xb7, 0xdb, 
    0x9f, 0x7b, 0x9e, 0xb7, 0x8d, 0x31, 0x76, 0x01, 0xc0, 0x33, 0x8c, 0xb1, 
    0xec, 0x50, 0x58, 0x28, 0xa5, 0x4e, 0x2e, 0x2d, 0x2d, 0xbd, 0x3b, 0x37, 
    0x37, 0x97, 0x59, 0x5d, 0x5d, 0x8d, 0xc7, 0x6e, 0xe0, 0x5e, 0x0d, 0x5c, 
    0xd7, 0x9d, 0xde, 0x14, 0xb4, 0xdf, 0xef, 0x1f, 0x97, 0x52, 0x9e, 0x76, 
    0x5d, 0x37, 0xd7, 0xe9, 0x74, 0x42, 0x00, 0xdc, 0xf7, 0x7d, 0x6b, 0xfb, 
    0xf6, 0xed, 0x49, 0xa1, 0x50, 0x30, 0xe7, 0xcf, 0x9f, 0xe7, 0x9d, 0x4e, 
    0x27, 0x19, 0xc1, 0xb9, 0xc7, 0xa3, 0x08, 0x00, 0xaa, 0xd5, 0x2a, 0x5b, 
    0x59, 0x59, 0xa1, 0xb5, 0xb5, 0xb5, 0x59, 0xc7, 0x71, 0xbe, 0x15, 0x42, 
    0x3c, 0xdd, 0xeb, 0xf5, 0x5e, 0x6b, 0xb5, 0x5a, 0x67, 0x87, 0xd3, 0xa2, 
    0x26, 0xe8, 0x33, 0x8e, 0xf3, 0xb7, 0x7f, 0x31, 0xf2, 0x7d, 0x5f, 0xb8, 
    0xae, 0xfb, 0x78, 0xb9, 0x5c, 0xfe, 0x6e, 0xdf, 0xbe, 0x7d, 0xef, 0x03, 
    0xc0, 0xd0, 0xd4, 0x1e, 0x5a, 0x6c, 0xd1, 0xe3, 0x61, 0x83, 0x8f, 0x93, 
    0x3c, 0xc8, 0x63, 0xe0, 0xff, 0x89, 0xdf, 0x01, 0x77, 0xb4, 0xce, 0xba, 
    0x11, 0xb4, 0x75, 0xd0, 0x00, 0x00, 0x00, 0x00, 0x49, 0x45, 0x4e, 0x44, 
    0xae, 0x42, 0x60, 0x82, 
};
static const size_t eco_size = sizeof(eco_data);

// Datas for health.png
static const unsigned char health_data[] = {
    0x89, 0x50, 0x4e, 0x47, 0x0d, 0x0a, 0x1a, 0x0a, 0x00, 0x00, 0x00, 0x0d, 
    0x49, 0x48, 0x44, 0x52, 0x00, 0x00, 0x00, 0x40, 0x00, 0x00, 0x00, 0x40, 
    0x04, 0x03, 0x00, 0x00, 0x00, 0x58, 0x47, 0x6c, 0xed, 0x00, 0x00, 0x00, 
    0x24, 0x50, 0x4c, 0x54, 0x45, 0x00, 0x00, 0x00, 0x2b, 0x2b, 0x2b, 0x13, 
    0x13, 0x13, 0x44, 0x44, 0x44, 0x1c, 0x1c, 0x1c, 0x0b, 0x0b, 0x0b, 0x34, 
    0x34, 0x34, 0x4c, 0x4c, 0x4c, 0x23, 0x23, 0x23, 0x3a, 0x3a, 0x3a, 0x53, 
    0x53, 0x53, 0x02, 0x02, 0x02, 0xf6, 0x28, 0x80, 0xb2, 0x00, 0x00, 0x00, 
    0x01, 0x74, 0x52, 0x4e, 0x53, 0x00, 0x40, 0xe6, 0xd8, 0x66, 0x00, 0x00, 
    0x00, 0x09, 0x70, 0x48, 0x59, 0x73, 0x00, 0x00, 0x0b, 0x13, 0x00, 0x00, 
    0x0b, 0x13, 0x01, 0x00, 0x9a, 0x9c, 0x18, 0x00, 0x00, 0x01, 0xc8, 0x49, 
    0x44, 0x41, 0x54, 0x78, 0x5e, 0xdd, 0x95, 0xbf, 0x6a, 0xc3, 0x30, 0x10, 
    0xc6, 0x85, 0x89, 0xa1, 0xa0, 0xa5, 0x7b, 0x16, 0x53, 0x08, 0x14, 0xb4, 
    0xf4, 0x11, 0x32, 0x34, 0x50, 0xf0, 0xa2, 0x21, 0x9a, 0x6e, 0xc9, 0x9e, 
    0xa5, 0x8f, 0x90, 0xa1, 0x85, 0x82, 0x97, 0xee, 0x5d, 0xfa, 0x08, 0xae, 
    0xa9, 0x20, 0x70, 0x2f, 0x57, 0x9d, 0xfe, 0xf8, 0x24, 0xa3, 0x34, 0x73, 
    0xfb, 0x4d, 0x3e, 0xfc, 0xcb, 0xf7, 0x49, 0x77, 0x92, 0x23, 0xfe, 0xa0, 
    0x9a, 0xfb, 0xa7, 0xee, 0x37, 0x60, 0x87, 0x4e, 0x76, 0x7b, 0xf1, 0xe7, 
    0x88, 0x08, 0x16, 0x10, 0xf7, 0x75, 0x40, 0x22, 0x86, 0x02, 0xd0, 0xd6, 
    0x80, 0x16, 0xc7, 0xf9, 0x11, 0xa6, 0xda, 0x7b, 0x9d, 0x55, 0x90, 0x60, 
    0x16, 0xea, 0xb2, 0x5c, 0xae, 0x54, 0x2e, 0x4c, 0xdb, 0x65, 0x08, 0x78, 
    0x0a, 0x49, 0xd6, 0xb3, 0x50, 0x3a, 0x4a, 0x9f, 0xa9, 0x30, 0xa8, 0x62, 
    0x89, 0xc1, 0x06, 0x8c, 0x93, 0x0d, 0x9b, 0xec, 0x4f, 0x79, 0x8b, 0xbe, 
    0xc4, 0xd2, 0x41, 0xb4, 0x63, 0x9e, 0x10, 0x68, 0x7c, 0x79, 0x73, 0x82, 
    0xd8, 0x10, 0x95, 0x01, 0x36, 0x06, 0xad, 0x3f, 0x09, 0x8b, 0x80, 0xe4, 
    0xb1, 0xdd, 0x4c, 0x11, 0xf8, 0x20, 0x20, 0x39, 0xac, 0x3c, 0x57, 0xb0, 
    0x78, 0x7c, 0xce, 0x00, 0xc1, 0xfb, 0xe8, 0x4f, 0x55, 0x00, 0x16, 0x4b, 
    0x60, 0x20, 0x96, 0x43, 0xc7, 0x40, 0xb1, 0x86, 0xcd, 0xad, 0x28, 0x37, 
    0xba, 0x1a, 0x53, 0x0b, 0x8e, 0x0f, 0xde, 0x81, 0xa4, 0x4e, 0xa2, 0x49, 
    0x80, 0xd4, 0xce, 0xe4, 0xce, 0x09, 0x42, 0x04, 0x3d, 0x1a, 0x3b, 0xf2, 
    0x2a, 0xe5, 0x98, 0x7e, 0xd6, 0x1f, 0x28, 0xc8, 0x4b, 0x6d, 0x29, 0x9a, 
    0x1d, 0x90, 0x64, 0x0c, 0x95, 0xaf, 0x81, 0x18, 0x79, 0x1b, 0x3d, 0x45, 
    0x78, 0x9a, 0xd5, 0x7b, 0xa0, 0x8b, 0x85, 0xf7, 0x2d, 0x01, 0x45, 0x00, 
    0xea, 0x0c, 0x80, 0x0a, 0xa0, 0xb8, 0x63, 0x75, 0x60, 0xbd, 0x8d, 0xc5, 
    0x25, 0x60, 0xe8, 0xae, 0x44, 0xa0, 0xbe, 0xb6, 0xc8, 0xe8, 0x30, 0xb8, 
    0x28, 0xdc, 0x3c, 0x3a, 0x85, 0x4c, 0x7a, 0x52, 0x71, 0x9b, 0xdc, 0x6a, 
    0x24, 0x81, 0x48, 0xb3, 0x00, 0x02, 0x4c, 0x3e, 0x0b, 0xe3, 0x04, 0x6b, 
    0x1a, 0x96, 0x21, 0x79, 0x60, 0x12, 0x3c, 0x56, 0xf4, 0x1a, 0xde, 0xc9, 
    0x21, 0xb5, 0x7a, 0x75, 0x4e, 0xe3, 0xfe, 0xa6, 0xd6, 0x92, 0xfc, 0x34, 
    0xe7, 0xb3, 0xdf, 0x8c, 0x57, 0x4e, 0x54, 0xdb, 0xf1, 0xc5, 0xac, 0x9e, 
    0x49, 0xbe, 0x18, 0xf2, 0x50, 0x05, 0xb8, 0x35, 0x8d, 0xae, 0x01, 0xcd, 
    0x59, 0xcc, 0x9a, 0x12, 0xc0, 0x17, 0xa7, 0xbc, 0x9c, 0xea, 0x54, 0x3a, 
    0xa4, 0x09, 0x2c, 0xaf, 0x16, 0x0e, 0xc6, 0x09, 0x03, 0xc0, 0xdf, 0x18, 
    0xce, 0xc0, 0xd0, 0x0d, 0x98, 0x8f, 0x32, 0x6b, 0xd0, 0x1e, 0xc0, 0xe0, 
    0x30, 0x37, 0x87, 0xd5, 0xd8, 0xec, 0x03, 0x02, 0x6c, 0xc0, 0x52, 0xba, 
    0x28, 0x79, 0xd4, 0xb9, 0x05, 0x8b, 0xcf, 0x2b, 0xab, 0x2f, 0x16, 0xdd, 
    0x32, 0xcf, 0x9e, 0xfb, 0xfa, 0x77, 0x99, 0x05, 0x36, 0xc5, 0x62, 0xf5, 
    0xbd, 0x68, 0x00, 0x2d, 0xbd, 0xd8, 0x20, 0x12, 0x59, 0x11, 0xbd, 0xe2, 
    0xbf, 0x9c, 0xba, 0x76, 0xc6, 0xec, 0x3b, 0xf1, 0xff, 0xf4, 0x03, 0x19, 
    0x5b, 0x04, 0xe8, 0x67, 0x65, 0xe2, 0x72, 0x00, 0x00, 0x00, 0x00, 0x49, 
    0x45, 0x4e, 0x44, 0xae, 0x42, 0x60, 0x82, 
};
static const size_t health_size = sizeof(health_data);

// Datas for history.png
static const unsigned char history_data[] = {
    0x89, 0x50, 0x4e, 0x47, 0x0d, 0x0a, 0x1a, 0x0a, 0x00, 0x00, 0x00, 0x0d, 
    0x49, 0x48, 0x44, 0x52, 0x00, 0x00, 0x00, 0x18, 0x00, 0x00, 0x00, 0x18, 
    0x08, 0x06, 0x00, 0x00, 0x00, 0xe0, 0x77, 0x3d, 0xf8, 0x00, 0x00, 0x01, 
    0x81, 0x49, 0x44, 0x41, 0x54, 0x78, 0x9c, 0xd5, 0x95, 0x3b, 0x4e, 0xc3, 
    0x40, 0x10, 0x86, 0x3f, 0x3f, 0x40, 0x3c, 0xc2, 0x43, 0x54, 0x44, 0xa2, 
    0xa1, 0x87, 0x96, 0x02, 0x51, 0x20, 0x24, 0x0a, 0xae, 0xc0, 0x1d, 0x72, 
    0x05, 0x38, 0x08, 0xa2, 0xa3, 0xe0, 0x08, 0x20, 0x24, 0x72, 0x00, 0x0a, 
    0x1e, 0x17, 0x80, 0x1a, 0x09, 0x48, 0x40, 0x34, 0x90, 0xc4, 0x14, 0x9e, 
    0xc5, 0xe3, 0xc9, 0xda, 0xc4, 0x0e, 0x14, 0x8c, 0xb4, 0xca, 0xce, 0x64, 
    0xf7, 0xff, 0xff, 0x99, 0x9d, 0x5d, 0x43, 0xde, 0x02, 0x19, 0xff, 0xc7, 
    0x02, 0x33, 0x9f, 0x93, 0xdf, 0x77, 0xa0, 0xf7, 0xdb, 0x24, 0xf3, 0xc0, 
    0x3d, 0xd0, 0x01, 0xb6, 0x24, 0x16, 0x8d, 0x0b, 0x1e, 0x1b, 0xa2, 0x25, 
    0x21, 0x9a, 0x18, 0x17, 0xd8, 0x59, 0x68, 0xfc, 0x4f, 0x20, 0x91, 0x31, 
    0xaa, 0x05, 0xa4, 0x42, 0xbd, 0xd9, 0xc6, 0xc6, 0xaf, 0xda, 0x45, 0x81, 
    0x88, 0xe9, 0x29, 0x1f, 0x2d, 0xd0, 0x66, 0x50, 0xc5, 0x42, 0x01, 0x6a, 
    0x00, 0x2d, 0x60, 0x8f, 0x2c, 0xfb, 0x9c, 0x48, 0xe7, 0x2c, 0x00, 0x4f, 
    0xb2, 0x60, 0x5b, 0x62, 0x91, 0x00, 0xd9, 0xac, 0x5c, 0x39, 0x96, 0x81, 
    0x6b, 0x05, 0x7c, 0x06, 0x34, 0x0d, 0x6e, 0x29, 0x81, 0x3e, 0x6c, 0xb7, 
    0x4e, 0x83, 0xdf, 0xca, 0xfa, 0x23, 0xe0, 0x58, 0xe6, 0x57, 0xc0, 0xb4, 
    0x16, 0x56, 0x44, 0xe0, 0xca, 0xb7, 0x02, 0x4c, 0x19, 0xc2, 0x26, 0x70, 
    0x27, 0x6b, 0x4f, 0x94, 0x88, 0x53, 0x89, 0x2d, 0x6a, 0x51, 0x3e, 0x82, 
    0x5d, 0x89, 0xed, 0x00, 0xaf, 0x40, 0x9b, 0xf4, 0x12, 0x3a, 0xe5, 0x37, 
    0x0a, 0x3c, 0x20, 0x2b, 0x65, 0x08, 0x1c, 0x90, 0xb6, 0x7a, 0x29, 0xc1, 
    0x1a, 0xb0, 0x01, 0xbc, 0x91, 0xd5, 0xf7, 0x02, 0x58, 0xf7, 0x28, 0xf7, 
    0x9d, 0x51, 0xce, 0x34, 0xc1, 0x8b, 0x6c, 0x3e, 0x04, 0x1e, 0x65, 0x7e, 
    0x2e, 0x23, 0x01, 0xba, 0x3f, 0x80, 0xbb, 0x3b, 0x51, 0x48, 0xd0, 0x51, 
    0x8a, 0x13, 0xe0, 0x52, 0x36, 0xc4, 0x92, 0x81, 0x2d, 0xcb, 0x48, 0x77, 
    0xa6, 0x88, 0xa0, 0x0d, 0xcc, 0xaa, 0xff, 0x1b, 0xc0, 0xbe, 0x67, 0x5f, 
    0x25, 0x82, 0x67, 0xb2, 0x7a, 0xcf, 0x48, 0xdc, 0x57, 0xe3, 0x4a, 0xdf, 
    0x0c, 0xdf, 0x21, 0x6f, 0x4a, 0x6c, 0x92, 0xac, 0x3b, 0x22, 0xf1, 0x75, 
    0xc7, 0x14, 0x8d, 0x6f, 0x1b, 0x3a, 0x10, 0x43, 0xfa, 0x61, 0xe2, 0xfd, 
    0x2a, 0xca, 0xcb, 0x08, 0x56, 0x49, 0xbb, 0x28, 0xaa, 0x01, 0x3a, 0x20, 
    0xfd, 0xae, 0x0c, 0x5c, 0xa0, 0xac, 0x8b, 0xea, 0x8c, 0xae, 0x60, 0x01, 
    0x04, 0xf6, 0x35, 0x1d, 0xe7, 0x75, 0xb5, 0x82, 0x87, 0x9c, 0x90, 0xb4, 
    0x34, 0x75, 0x49, 0xdc, 0x33, 0xdd, 0x07, 0x1e, 0x50, 0x25, 0xfa, 0x53, 
    0xfb, 0x02, 0xd5, 0xea, 0x68, 0xd0, 0xb2, 0x3b, 0xb5, 0xde, 0x00, 0x00, 
    0x00, 0x00, 0x49, 0x45, 0x4e, 0x44, 0xae, 0x42, 0x60, 0x82, 
};
static const size_t history_size = sizeof(history_data);

// Datas for indicators.png
static const unsigned char indicators_data[] = {
    0x89, 0x50, 0x4e, 0x47, 0x0d, 0x0a, 0x1a, 0x0a, 0x00, 0x00, 0x00, 0x0d, 
    0x49, 0x48, 0x44, 0x52, 0x00, 0x00, 0x00, 0x40, 0x00, 0x00, 0x00, 0x40, 
    0x04, 0x03, 0x00, 0x00, 0x00, 0x58, 0x47, 0x6c, 0xed, 0x00, 0x00, 0x00, 
    0x12, 0x50, 0x4c, 0x54, 0x45, 0x00, 0x00, 0x00, 0x31, 0x31, 0x2e, 0x2b, 
    0x2b, 0x28, 0x35, 0x35, 0x32, 0x2a, 0x2a, 0x26, 0x27, 0x27, 0x24, 0x9f, 
    0x0e, 0x3e, 0x64, 0x00, 0x00, 0x00, 0x01, 0x74, 0x52, 0x4e, 0x53, 0x00, 
    0x40, 0xe6, 0xd8, 0x66, 0x00, 0x00, 0x00, 0x09, 0x70, 0x48, 0x59, 0x73, 
    0x00, 0x00, 0x0b, 0x13, 0x00, 0x00, 0x0b, 0x13, 0x01, 0x00, 0x9a, 0x9c, 
    0x18, 0x00, 0x00, 0x01, 0x37, 0x49, 0x44, 0x41, 0x54, 0x78, 0x5e, 0xed, 
    0x94, 0xdb, 0x71, 0xc4, 0x20, 0x0c, 0x45, 0x89, 0x82, 0xff, 0x77, 0x5c, 
    0xc1, 0xe6, 0x8e, 0xd2, 0x40, 0x2a, 0xf0, 0x30, 0xa2, 0x81, 0x1d, 0xd2, 
    0x7f, 0x2b, 0x31, 0x76, 0x1c, 0xad, 0xa4, 0x40, 0x03, 0x89, 0x3e, 0xf8, 
    0x30, 0x87, 0x73, 0x79, 0x99, 0xf4, 0x27, 0x8b, 0x13, 0xdd, 0x27, 0x00, 
    0xc0, 0x29, 0x03, 0x23, 0x84, 0x00, 0xe0, 0x6c, 0xc7, 0xfd, 0x35, 0x2d, 
    0xa2, 0x44, 0xf0, 0x57, 0x79, 0x4b, 0x2f, 0x68, 0xe5, 0xd7, 0x14, 0x00, 
    0xb2, 0x9d, 0xe8, 0xbb, 0x12, 0x26, 0x80, 0x6f, 0x17, 0x9c, 0x4b, 0x0c, 
    0xd1, 0xf1, 0xbd, 0xa4, 0x78, 0x05, 0x81, 0xbb, 0x5f, 0x09, 0xaf, 0x68, 
    0x10, 0x9b, 0xe8, 0x15, 0x59, 0x03, 0x06, 0x0a, 0x4e, 0xb6, 0xb2, 0x05, 
    0x4a, 0x0a, 0x65, 0x33, 0x78, 0x0b, 0x00, 0x3f, 0x03, 0x84, 0x6a, 0xf4, 
    0xd2, 0x5c, 0x06, 0xc1, 0x18, 0x08, 0x38, 0x32, 0x14, 0x70, 0x3b, 0x4b, 
    0x60, 0xfd, 0x38, 0x06, 0xc8, 0x00, 0xfe, 0x5c, 0x3c, 0xc0, 0x17, 0x50, 
    0x6b, 0xbd, 0x0c, 0x59, 0x01, 0x52, 0x00, 0x60, 0x35, 0x40, 0x01, 0xe8, 
    0xf6, 0xe0, 0x67, 0x40, 0x41, 0x58, 0xa5, 0x1a, 0x1c, 0xa0, 0x69, 0x98, 
    0x18, 0xe8, 0x63, 0x9d, 0x1b, 0xa4, 0xb5, 0x03, 0x18, 0x1a, 0x56, 0x60, 
    0x6e, 0x00, 0x30, 0x36, 0x14, 0x05, 0x70, 0x1a, 0xec, 0x71, 0x36, 0x63, 
    0xf0, 0x3b, 0x69, 0x56, 0x58, 0xd4, 0x10, 0x00, 0x35, 0xc4, 0xd3, 0xcc, 
    0xf5, 0x6e, 0x0c, 0xe1, 0x3e, 0x50, 0xd9, 0xbe, 0x81, 0x55, 0x97, 0x09, 
    0xb8, 0x1b, 0xc2, 0xbc, 0x37, 0xc2, 0xd2, 0xf9, 0xa3, 0x81, 0xc9, 0xef, 
    0x9a, 0xb2, 0x37, 0xb2, 0x03, 0x0b, 0xb3, 0x9f, 0x23, 0x78, 0x9b, 0xff, 
    0x17, 0x04, 0xcc, 0xff, 0x2c, 0xb2, 0x8a, 0x08, 0x24, 0xa0, 0xcc, 0x12, 
    0xe6, 0xef, 0x83, 0xde, 0x35, 0xad, 0xdc, 0x05, 0x21, 0xf3, 0xa1, 0xbe, 
    0x47, 0x17, 0x44, 0xc5, 0x35, 0x8d, 0x57, 0x19, 0xbc, 0x83, 0x52, 0x6f, 
    0x1d, 0x58, 0xab, 0x06, 0xf8, 0x97, 0xf6, 0x33, 0x89, 0x48, 0x9b, 0xbc, 
    0xc5, 0x9c, 0x18, 0xd0, 0xfe, 0x50, 0xe0, 0x04, 0x98, 0xfc, 0x58, 0x83, 
    0xee, 0xff, 0xfa, 0x02, 0xc9, 0x11, 0x40, 0x57, 0x22, 0xfb, 0x88, 0xd9, 
    0x00, 0x00, 0x00, 0x00, 0x49, 0x45, 0x4e, 0x44, 0xae, 0x42, 0x60, 0x82, 
    
};
static const size_t indicators_size = sizeof(indicators_data);

// Datas for info.png
static const unsigned char info_data[] = {
    0x89, 0x50, 0x4e, 0x47, 0x0d, 0x0a, 0x1a, 0x0a, 0x00, 0x00, 0x00, 0x0d, 
    0x49, 0x48, 0x44, 0x52, 0x00, 0x00, 0x00, 0x18, 0x00, 0x00, 0x00, 0x18, 
    0x08, 0x06, 0x00, 0x00, 0x00, 0xe0, 0x77, 0x3d, 0xf8, 0x00, 0x00, 0x02, 
    0x14, 0x49, 0x44, 0x41, 0x54, 0x78, 0x9c, 0xb5, 0x96, 0xad, 0x52, 0x63, 
    0x41, 0x10, 0x85, 0xbf, 0x3e, 0x7d, 0x61, 0x49, 0x15, 0xa9, 0x08, 0xc4, 
    0x7a, 0x04, 0x2f, 0x00, 0x02, 0x09, 0xe8, 0x55, 0xab, 0x31, 0x20, 0xf6, 
    0x29, 0xc0, 0xac, 0xe2, 0x1d, 0x40, 0x86, 0xe7, 0xc0, 0x20, 0x10, 0x14, 
    0x22, 0x62, 0x1f, 0x00, 0x87, 0x40, 0xe0, 0xa8, 0x6c, 0x32, 0xb3, 0x22, 
    0x7d, 0xc3, 0x70, 0x73, 0xf3, 0xb3, 0x5b, 0xd9, 0x53, 0x35, 0x95, 0x49, 
    0xff, 0x9c, 0x9e, 0xee, 0x9a, 0xee, 0xb9, 0xc6, 0x6a, 0x30, 0xc0, 0x1b, 
    0xb2, 0x31, 0x90, 0x57, 0xf4, 0x6f, 0x45, 0x93, 0x70, 0x5d, 0xb6, 0x00, 
    0x54, 0x0d, 0xe7, 0x7d, 0x49, 0x03, 0x49, 0x4f, 0xb1, 0x06, 0xc0, 0x7e, 
    0x83, 0xb8, 0xa2, 0x05, 0x9a, 0x23, 0x1b, 0x01, 0x87, 0x66, 0xd6, 0x97, 
    0x34, 0x92, 0xf4, 0x10, 0xba, 0xad, 0x58, 0x48, 0x7a, 0x90, 0x34, 0x32, 
    0xb3, 0x3e, 0x70, 0x18, 0x3e, 0x6d, 0x7c, 0xad, 0x01, 0x4f, 0x25, 0x65, 
    0x49, 0x03, 0x33, 0xfb, 0x29, 0xe9, 0x7c, 0xc6, 0x50, 0x3a, 0x0f, 0xdd, 
    0x40, 0x52, 0x06, 0x4e, 0x17, 0x1c, 0x7a, 0x9a, 0xe2, 0x96, 0xa4, 0x33, 
    0x49, 0xd9, 0xcc, 0xee, 0x81, 0x5e, 0xa1, 0xdf, 0x74, 0xf7, 0xbe, 0xbb, 
    0xf7, 0x81, 0xcd, 0x42, 0xde, 0x33, 0xb3, 0xfb, 0x38, 0xd0, 0x59, 0x64, 
    0x38, 0x53, 0xae, 0xba, 0x96, 0x7b, 0x61, 0xf8, 0x08, 0x74, 0x42, 0xd6, 
    0x05, 0x2a, 0x33, 0xbb, 0x0a, 0x5d, 0x36, 0xb3, 0xab, 0x20, 0xe9, 0x86, 
    0x4d, 0x47, 0xd2, 0x63, 0x64, 0xb2, 0xd7, 0xe0, 0x9c, 0xa6, 0x55, 0x99, 
    0xd9, 0xb5, 0x99, 0xdd, 0x85, 0x63, 0x7d, 0x35, 0x1d, 0x90, 0xbb, 0x1f, 
    0x4b, 0x7a, 0x97, 0xf4, 0xee, 0xee, 0xc7, 0xe1, 0x53, 0xeb, 0x0d, 0xe8, 
    0x9a, 0xd9, 0x9d, 0x99, 0x5d, 0x47, 0xf0, 0xd9, 0x52, 0xc5, 0x09, 0x2f, 
    0xe3, 0xef, 0x97, 0x42, 0x65, 0xf1, 0xbb, 0x1b, 0xab, 0x94, 0x4d, 0x6d, 
    0x25, 0x5d, 0x46, 0x16, 0x9f, 0x4e, 0x5e, 0x1b, 0x1e, 0x00, 0x6f, 0xc0, 
    0x4b, 0xc8, 0xc7, 0x33, 0x27, 0x98, 0x8f, 0x71, 0xf8, 0xbc, 0x04, 0xc7, 
    0x41, 0x79, 0x88, 0x2a, 0xa2, 0x3f, 0x4b, 0x7a, 0x0a, 0x45, 0xb3, 0x0f, 
    0xe4, 0xee, 0x47, 0x92, 0x86, 0x92, 0x86, 0xee, 0x7e, 0xc4, 0x47, 0x89, 
    0x28, 0x7d, 0xa2, 0x4f, 0x9e, 0x6b, 0x59, 0x59, 0xa7, 0x57, 0xda, 0x6b, 
    0x57, 0x01, 0x29, 0xa5, 0xf4, 0x0d, 0xd8, 0x00, 0x36, 0x62, 0x9f, 0x98, 
    0xbd, 0x2d, 0x0a, 0xd9, 0x6b, 0x29, 0x58, 0x86, 0x0c, 0x60, 0x66, 0x6f, 
    0xb1, 0xcf, 0xb1, 0x9f, 0xea, 0x16, 0xa1, 0x0c, 0xb0, 0xc3, 0xa4, 0x1b, 
    0x53, 0x6b, 0x94, 0x9c, 0xeb, 0xdb, 0x62, 0xb1, 0x6f, 0x43, 0x0a, 0x8e, 
    0x9d, 0x32, 0xc0, 0x18, 0x20, 0xa5, 0xf4, 0x1d, 0xd8, 0x95, 0xf4, 0x83, 
    0xf6, 0xf4, 0x17, 0xa1, 0x02, 0x52, 0xf8, 0xee, 0x06, 0x17, 0xc0, 0x58, 
    0x7c, 0xa4, 0xf9, 0xc8, 0xa4, 0x73, 0xbf, 0x46, 0x80, 0xbf, 0x9d, 0xa6, 
    0x29, 0x7c, 0x7b, 0xc1, 0x05, 0x90, 0xeb, 0x12, 0x09, 0xa8, 0x72, 0xce, 
    0x37, 0x39, 0xe7, 0x13, 0x26, 0x8d, 0x36, 0x6c, 0x04, 0xb1, 0x20, 0x49, 
    0x7c, 0xee, 0x01, 0x0f, 0xdb, 0x6e, 0xce, 0xf9, 0x24, 0xe7, 0x7c, 0x43, 
    0xcb, 0x65, 0x59, 0x34, 0x2a, 0xb6, 0x81, 0x4a, 0xd2, 0x45, 0x3d, 0x2a, 
    0x24, 0x5d, 0x04, 0xc9, 0x76, 0xd8, 0x2c, 0x1d, 0x15, 0xb0, 0x7c, 0xd8, 
    0x75, 0xdc, 0xfd, 0xd6, 0xdd, 0x6f, 0x8b, 0xe0, 0xb0, 0xe2, 0xb0, 0xab, 
    0xf1, 0x5f, 0xc7, 0x75, 0x33, 0x48, 0xfd, 0xe0, 0x64, 0x49, 0xbf, 0x83, 
    0xe8, 0x57, 0xac, 0x41, 0xc8, 0x72, 0xf1, 0xe0, 0xac, 0x44, 0x5e, 0x63, 
    0x6d, 0x4f, 0xe6, 0x22, 0xac, 0xe5, 0xd1, 0xb7, 0x79, 0x8a, 0x16, 0xbb, 
    0x7f, 0xfa, 0x6c, 0xf9, 0x03, 0xbc, 0xe2, 0x96, 0xa7, 0x60, 0x25, 0xba, 
    0x57, 0x00, 0x00, 0x00, 0x00, 0x49, 0x45, 0x4e, 0x44, 0xae, 0x42, 0x60, 
    0x82, 
};
static const size_t info_size = sizeof(info_data);

// Datas for iswifi.png
static const unsigned char iswifi_data[] = {
    0x89, 0x50, 0x4e, 0x47, 0x0d, 0x0a, 0x1a, 0x0a, 0x00, 0x00, 0x00, 0x0d, 
    0x49, 0x48, 0x44, 0x52, 0x00, 0x00, 0x00, 0x40, 0x00, 0x00, 0x00, 0x40, 
    0x01, 0x03, 0x00, 0x00, 0x00, 0x90, 0xa7, 0xe3, 0x9d, 0x00, 0x00, 0x00, 
    0x06, 0x50, 0x4c, 0x54, 0x45, 0x00, 0x00, 0x00, 0xff, 0xff, 0xff, 0xa5, 
    0xd9, 0x9f, 0xdd, 0x00, 0x00, 0x00, 0x01, 0x74, 0x52, 0x4e, 0x53, 0x00, 
    0x40, 0xe6, 0xd8, 0x66, 0x00, 0x00, 0x00, 0x09, 0x70, 0x48, 0x59, 0x73, 
    0x00, 0x00, 0x0b, 0x13, 0x00, 0x00, 0x0b, 0x13, 0x01, 0x00, 0x9a, 0x9c, 
    0x18, 0x00, 0x00, 0x00, 0xe1, 0x49, 0x44, 0x41, 0x54, 0x78, 0x5e, 0xb5, 
    0xd0, 0x5d, 0x6a, 0x05, 0x21, 0x0c, 0x05, 0xe0, 0x63, 0xe7, 0x52, 0xdf, 
    0x9a, 0x0d, 0x14, 0xb2, 0x91, 0x52, 0x77, 0x36, 0x63, 0xe9, 0xc3, 0x6c, 
    0x4b, 0xe8, 0x46, 0xe6, 0xee, 0xc0, 0xbe, 0x79, 0xc1, 0x7a, 0x6a, 0xcc, 
    0x16, 0x5a, 0xc1, 0xf0, 0x91, 0x1f, 0x82, 0xe2, 0x0f, 0x8f, 0x5c, 0x8e, 
    0x8d, 0x74, 0x28, 0xe9, 0xa9, 0x83, 0xec, 0x5e, 0xa1, 0xd7, 0xa2, 0xa1, 
    0x78, 0x8b, 0x37, 0x25, 0xe6, 0x8d, 0x6d, 0xc2, 0xc2, 0xd1, 0x81, 0x60, 
    0x69, 0x19, 0x36, 0x04, 0x0f, 0x71, 0x4c, 0x80, 0x19, 0xd2, 0xa0, 0x17, 
    0x8e, 0x02, 0xad, 0x81, 0xc3, 0x2c, 0x45, 0xc8, 0x2c, 0x17, 0x62, 0x4e, 
    0x1c, 0x88, 0x05, 0x11, 0x07, 0x9b, 0x6e, 0x19, 0x4f, 0x81, 0xbc, 0x78, 
    0xcf, 0x6b, 0xfb, 0xd7, 0x5a, 0x21, 0xcc, 0x91, 0x63, 0x42, 0x3b, 0xe4, 
    0xe2, 0x44, 0xaa, 0xd0, 0x9c, 0xf2, 0x44, 0x41, 0x9a, 0x84, 0xdd, 0x1d, 
    0x52, 0x00, 0xc1, 0x6d, 0x57, 0x7b, 0xda, 0x33, 0xde, 0x86, 0x9e, 0x13, 
    0x08, 0x7d, 0xa4, 0x85, 0xad, 0x93, 0x67, 0x9d, 0x90, 0x1f, 0x52, 0x0c, 
    0xfa, 0xe0, 0x10, 0xdb, 0x91, 0x1e, 0x6c, 0xba, 0x70, 0x67, 0x4b, 0x06, 
    0xfd, 0x60, 0xa5, 0xe1, 0x25, 0x4c, 0x58, 0xf3, 0x0d, 0xfc, 0x5e, 0x00, 
    0xd6, 0x2f, 0x58, 0x8a, 0xd5, 0xf1, 0x7a, 0x38, 0xb0, 0x4f, 0x94, 0x85, 
    0x54, 0x99, 0x0d, 0xef, 0x4a, 0x47, 0x12, 0x12, 0x06, 0x3d, 0xd9, 0x17, 
    0xe4, 0x93, 0x6d, 0x21, 0x66, 0x9f, 0xc6, 0x06, 0xc5, 0x42, 0xc0, 0x7f, 
    0x9c, 0x5f, 0x53, 0xf1, 0x97, 0x49, 0x08, 0xea, 0xcb, 0x09, 0x00, 0x00, 
    0x00, 0x00, 0x49, 0x45, 0x4e, 0x44, 0xae, 0x42, 0x60, 0x82, 
};
static const size_t iswifi_size = sizeof(iswifi_data);

// Datas for media.png
static const unsigned char media_data[] = {
    0x89, 0x50, 0x4e, 0x47, 0x0d, 0x0a, 0x1a, 0x0a, 0x00, 0x00, 0x00, 0x0d, 
    0x49, 0x48, 0x44, 0x52, 0x00, 0x00, 0x00, 0x30, 0x00, 0x00, 0x00, 0x30, 
    0x02, 0x03, 0x00, 0x00, 0x00, 0x2a, 0x6c, 0x11, 0x14, 0x00, 0x00, 0x00, 
    0x09, 0x50, 0x4c, 0x54, 0x45, 0x00, 0x00, 0x00, 0x96, 0x96, 0x96, 0x00, 
    0x00, 0x00, 0x8e, 0x31, 0x70, 0x56, 0x00, 0x00, 0x00, 0x01, 0x74, 0x52, 
    0x4e, 0x53, 0x00, 0x40, 0xe6, 0xd8, 0x66, 0x00, 0x00, 0x00, 0x09, 0x70, 
    0x48, 0x59, 0x73, 0x00, 0x00, 0x0b, 0x13, 0x00, 0x00, 0x0b, 0x13, 0x01, 
    0x00, 0x9a, 0x9c, 0x18, 0x00, 0x00, 0x00, 0x60, 0x49, 0x44, 0x41, 0x54, 
    0x78, 0x5e, 0xed, 0xd0, 0xbd, 0x0d, 0x80, 0x30, 0x0c, 0x84, 0x51, 0x52, 
    0x30, 0x42, 0xf6, 0xf1, 0x08, 0x14, 0x7c, 0xa3, 0x31, 0x82, 0x0b, 0x7b, 
    0x4a, 0x28, 0x90, 0x0f, 0xc9, 0x42, 0x2c, 0x80, 0xbb, 0x27, 0x9f, 0xf2, 
    0x73, 0x4b, 0x9f, 0x89, 0x30, 0x60, 0xd3, 0x02, 0x28, 0x10, 0x60, 0x95, 
    0x4a, 0xe5, 0x56, 0xf2, 0x60, 0x17, 0xbc, 0x30, 0xc9, 0x00, 0x21, 0x0b, 
    0x5c, 0x38, 0x30, 0xc1, 0x9f, 0x88, 0x86, 0x16, 0x6b, 0x07, 0x70, 0xa3, 
    0x5d, 0xea, 0xf0, 0xf2, 0x50, 0x0a, 0x83, 0x40, 0xff, 0x06, 0xb0, 0xde, 
    0x81, 0xda, 0x51, 0x6f, 0x5f, 0xf3, 0xcf, 0x09, 0x06, 0xbe, 0x34, 0xf3, 
    0x70, 0xe4, 0xf8, 0x17, 0x00, 0x00, 0x00, 0x00, 0x49, 0x45, 0x4e, 0x44, 
    0xae, 0x42, 0x60, 0x82, 
};
static const size_t media_size = sizeof(media_data);

// Datas for model.png
static const unsigned char model_data[] = {
    0x89, 0x50, 0x4e, 0x47, 0x0d, 0x0a, 0x1a, 0x0a, 0x00, 0x00, 0x00, 0x0d, 
    0x49, 0x48, 0x44, 0x52, 0x00, 0x00, 0x00, 0x40, 0x00, 0x00, 0x00, 0x40, 
    0x01, 0x03, 0x00, 0x00, 0x00, 0x90, 0xa7, 0xe3, 0x9d, 0x00, 0x00, 0x00, 
    0x06, 0x50, 0x4c, 0x54, 0x45, 0xff, 0xff, 0xff, 0x00, 0x00, 0x00, 0x55, 
    0xc2, 0xd3, 0x7e, 0x00, 0x00, 0x00, 0x01, 0x74, 0x52, 0x4e, 0x53, 0x00, 
    0x40, 0xe6, 0xd8, 0x66, 0x00, 0x00, 0x00, 0x09, 0x70, 0x48, 0x59, 0x73, 
    0x00, 0x00, 0x0b, 0x13, 0x00, 0x00, 0x0b, 0x13, 0x01, 0x00, 0x9a, 0x9c, 
    0x18, 0x00, 0x00, 0x00, 0x98, 0x49, 0x44, 0x41, 0x54, 0x78, 0x5e, 0xcd, 
    0xca, 0x31, 0x0a, 0xc2, 0x40, 0x10, 0x46, 0xe1, 0xb7, 0x6c, 0x91, 0x2e, 
    0xb9, 0x40, 0x20, 0xd7, 0xd0, 0x2a, 0x67, 0xb2, 0x14, 0x04, 0x27, 0xbd, 
    0x47, 0xf0, 0x30, 0x53, 0x28, 0x76, 0x7a, 0x05, 0x8f, 0x10, 0x4b, 0x61, 
    0x71, 0x64, 0x67, 0xa3, 0xd8, 0x98, 0xc6, 0xc6, 0x57, 0x7d, 0xf0, 0xff, 
    0xfc, 0x9a, 0x09, 0x60, 0x4a, 0x78, 0x43, 0xc8, 0xcd, 0x63, 0x38, 0xac, 
    0x76, 0x6b, 0x55, 0x08, 0x0e, 0xfe, 0x1a, 0xdb, 0xf4, 0x82, 0x4d, 0x48, 
    0xdd, 0xdd, 0x71, 0x1c, 0x63, 0xc1, 0x49, 0xc3, 0x04, 0xe1, 0x56, 0x00, 
    0xe5, 0x7c, 0x81, 0xa5, 0x42, 0x18, 0xce, 0x19, 0x4a, 0x90, 0x1a, 0x5a, 
    0x32, 0xda, 0xaf, 0xb0, 0x3d, 0xb4, 0xa6, 0x50, 0x20, 0x80, 0x4f, 0xb9, 
    0xfa, 0x03, 0x0b, 0x47, 0xf3, 0x42, 0x05, 0x1b, 0x47, 0x14, 0x1e, 0x05, 
    0x1a, 0xcc, 0x11, 0xc6, 0x68, 0xe2, 0x4a, 0x9d, 0xa9, 0xa3, 0xb7, 0xfe, 
    0xea, 0x68, 0x52, 0xa7, 0x78, 0xda, 0x08, 0xa5, 0x8a, 0xa9, 0xc8, 0x5c, 
    0x4f, 0xb9, 0x23, 0x7c, 0x98, 0x98, 0x6f, 0x8a, 0x63, 0x00, 0x00, 0x00, 
    0x00, 0x49, 0x45, 0x4e, 0x44, 0xae, 0x42, 0x60, 0x82, 
};
static const size_t model_size = sizeof(model_data);

// Datas for perf.png
static const unsigned char perf_data[] = {
    0x89, 0x50, 0x4e, 0x47, 0x0d, 0x0a, 0x1a, 0x0a, 0x00, 0x00, 0x00, 0x0d, 
    0x49, 0x48, 0x44, 0x52, 0x00, 0x00, 0x00, 0x18, 0x00, 0x00, 0x00, 0x18, 
    0x08, 0x06, 0x00, 0x00, 0x00, 0xe0, 0x77, 0x3d, 0xf8, 0x00, 0x00, 0x03, 
    0x2e, 0x49, 0x44, 0x41, 0x54, 0x78, 0x9c, 0xb5, 0x94, 0x4f, 0x48, 0x1b, 
    0x79, 0x14, 0xc7, 0xbf, 0xbf, 0x99, 0x69, 0x92, 0x71, 0x86, 0x69, 0xb2, 
    0x09, 0xf9, 0x83, 0x09, 0x09, 0x43, 0x3a, 0xc2, 0x60, 0x0d, 0x09, 0x8e, 
    0x1a, 0x5b, 0x67, 0x62, 0x23, 0x54, 0x8b, 0x07, 0x29, 0x1d, 0xa4, 0x17, 
    0x2d, 0x35, 0xa8, 0x60, 0x71, 0x45, 0x11, 0x7b, 0x69, 0xa7, 0x42, 0x0f, 
    0x2d, 0x22, 0xf4, 0xb0, 0xb7, 0x85, 0xf6, 0xb6, 0x87, 0xf5, 0x60, 0xcf, 
    0xed, 0x4d, 0x4a, 0x0b, 0xa9, 0x52, 0x28, 0xec, 0x61, 0x17, 0xd7, 0x83, 
    0x12, 0x68, 0x59, 0xf6, 0x22, 0x55, 0x6b, 0x69, 0xfb, 0x7a, 0x30, 0x29, 
    0x5d, 0x36, 0x1a, 0xcd, 0x76, 0x3f, 0xd7, 0xf7, 0x78, 0xbf, 0xef, 0x7b, 
    0xdf, 0xf7, 0x7b, 0xc0, 0xff, 0x0c, 0x3b, 0x6e, 0x22, 0x11, 0x31, 0xc6, 
    0x18, 0x57, 0x25, 0xf4, 0x19, 0x00, 0x7d, 0x3f, 0x49, 0xdf, 0x1b, 0x22, 
    0x62, 0x00, 0xd8, 0xdc, 0xdc, 0x5c, 0xc2, 0xe7, 0xf3, 0x65, 0x79, 0x9e, 
    0xbf, 0x2c, 0xcb, 0xf2, 0x15, 0x51, 0x14, 0x2f, 0x47, 0x22, 0x91, 0x73, 
    0x6d, 0x6d, 0x6d, 0xd1, 0x72, 0x6a, 0xd5, 0x69, 0x54, 0x6b, 0xf9, 0x1f, 
    0xf4, 0xf5, 0xf5, 0xb9, 0x00, 0x50, 0xb1, 0x58, 0xbc, 0xd6, 0xd2, 0xd2, 
    0xf2, 0xdc, 0xed, 0x76, 0x5b, 0x00, 0x72, 0x44, 0x74, 0x7e, 0x6f, 0x6f, 
    0xef, 0x59, 0xa9, 0x54, 0xba, 0x09, 0x00, 0xc9, 0x64, 0xd2, 0x55, 0x4f, 
    0x03, 0x1c, 0x00, 0xa6, 0xaa, 0xea, 0x59, 0x5d, 0xd7, 0x4b, 0xbd, 0xbd, 
    0xbd, 0xa3, 0x8c, 0x1d, 0x08, 0xe5, 0x79, 0x1e, 0xaa, 0xaa, 0xbe, 0x06, 
    0x10, 0xb3, 0x6d, 0x9b, 0xaf, 0xb7, 0x03, 0x06, 0x80, 0xb6, 0xb6, 0xb6, 
    0x84, 0x40, 0x20, 0xe0, 0x8e, 0xc7, 0xe3, 0x4f, 0x88, 0xc8, 0x35, 0x36, 
    0x36, 0x76, 0x46, 0xd3, 0xb4, 0xdf, 0x53, 0xa9, 0x54, 0x11, 0xc0, 0x56, 
    0x39, 0xb7, 0x2e, 0xa3, 0x19, 0x00, 0x18, 0x86, 0xf1, 0xd8, 0x34, 0xcd, 
    0x85, 0x8a, 0x28, 0xcb, 0xb2, 0xee, 0x35, 0x35, 0x35, 0x11, 0xf0, 0xd5, 
    0xa3, 0x43, 0x11, 0x8e, 0x0a, 0xda, 0xb6, 0xcd, 0xed, 0xef, 0xef, 0x87, 
    0xd6, 0xd7, 0xd7, 0x35, 0xd3, 0x34, 0x7f, 0x64, 0x8c, 0x79, 0x56, 0x56, 
    0x56, 0xde, 0x4b, 0x92, 0xf4, 0x43, 0x28, 0x14, 0xba, 0xbb, 0xb3, 0xb3, 
    0x23, 0x26, 0x12, 0x09, 0xc2, 0xc1, 0xaa, 0x7e, 0x38, 0x91, 0x74, 0xcb, 
    0xb2, 0x04, 0x00, 0xe8, 0xee, 0xee, 0x7e, 0x61, 0x18, 0xc6, 0x3a, 0x00, 
    0x38, 0x8e, 0xc3, 0x35, 0x37, 0x37, 0x5f, 0x1f, 0x1a, 0x1a, 0x7a, 0x45, 
    0x44, 0x75, 0x99, 0x5a, 0x51, 0xce, 0x03, 0xe0, 0xc7, 0xc7, 0xc7, 0x2f, 
    0x04, 0x83, 0xc1, 0xbf, 0x06, 0x06, 0x06, 0x6e, 0x10, 0x11, 0x8b, 0x46, 
    0xa3, 0xa2, 0x2c, 0xcb, 0xc4, 0xf3, 0xfc, 0x4b, 0x8f, 0xc7, 0xf3, 0x40, 
    0x96, 0xe5, 0x9f, 0x1a, 0x1a, 0x1a, 0x6e, 0x0b, 0x82, 0x70, 0x0b, 0xc0, 
    0xa9, 0x63, 0x3f, 0x90, 0x4c, 0x26, 0xdd, 0x00, 0x58, 0x26, 0x93, 0xb9, 
    0x9f, 0xcf, 0xe7, 0xa9, 0xfc, 0xa8, 0xcb, 0xb2, 0x2c, 0x41, 0x51, 0x94, 
    0x36, 0xaf, 0xd7, 0xdb, 0xaf, 0x28, 0xca, 0x55, 0x97, 0xcb, 0x35, 0x2b, 
    0x49, 0x12, 0x19, 0x86, 0x41, 0x8b, 0x8b, 0x8b, 0x62, 0xb5, 0x5a, 0xd5, 
    0x3c, 0x60, 0x8d, 0x8d, 0x8d, 0x9f, 0x36, 0x36, 0x36, 0x68, 0x77, 0x77, 
    0x37, 0xae, 0x28, 0x4a, 0x8e, 0xe3, 0x38, 0x2c, 0x2d, 0x2d, 0x55, 0x66, 
    0x5c, 0xac, 0x24, 0xa6, 0xd3, 0xe9, 0xc1, 0x70, 0x38, 0xfc, 0x36, 0x9b, 
    0xcd, 0xe6, 0xb7, 0xb7, 0xb7, 0xf7, 0x1d, 0xc7, 0xe1, 0xe6, 0xe7, 0xe7, 
    0x3f, 0xd7, 0x6a, 0x80, 0x03, 0x20, 0x78, 0xbd, 0xde, 0x87, 0xb1, 0x58, 
    0x8c, 0x24, 0x49, 0xfa, 0x19, 0xc0, 0x2d, 0xc3, 0x30, 0xe6, 0x67, 0x66, 
    0x66, 0xe2, 0x15, 0x51, 0xba, 0xae, 0xdf, 0xc8, 0x64, 0x32, 0x54, 0x28, 
    0x14, 0x3a, 0xbe, 0x19, 0xeb, 0xf1, 0x88, 0x44, 0x22, 0x0d, 0xa2, 0x28, 
    0x92, 0xcf, 0xe7, 0x7b, 0xa7, 0xaa, 0x2a, 0x49, 0x92, 0x44, 0xa6, 0x69, 
    0xd2, 0xc4, 0xc4, 0xc4, 0x45, 0x9e, 0xe7, 0x11, 0x8b, 0xc5, 0xc6, 0xfc, 
    0x7e, 0x3f, 0x85, 0x42, 0xa1, 0xe6, 0x13, 0x17, 0xff, 0x06, 0xa1, 0xa3, 
    0xa3, 0x43, 0xec, 0xe9, 0xe9, 0x39, 0xdd, 0xdf, 0xdf, 0xff, 0xc6, 0xb6, 
    0xed, 0x51, 0x00, 0xd0, 0x34, 0x6d, 0x64, 0x64, 0x64, 0x84, 0x26, 0x27, 
    0x27, 0xf3, 0xe5, 0xe2, 0xf5, 0x6f, 0x13, 0x00, 0x0c, 0x0f, 0x0f, 0x7b, 
    0x3a, 0x3b, 0x3b, 0x9f, 0x02, 0xc0, 0xe0, 0xe0, 0xe0, 0xb5, 0x40, 0x20, 
    0x40, 0x0b, 0x0b, 0x0b, 0x2f, 0x88, 0xa8, 0xd1, 0xb6, 0x6d, 0x17, 0x11, 
    0x1d, 0x79, 0x0d, 0x0e, 0x0d, 0x56, 0xfe, 0xc1, 0xda, 0xda, 0xda, 0xc3, 
    0x68, 0x34, 0xfa, 0xb1, 0x50, 0x28, 0x5c, 0xdc, 0xdc, 0xdc, 0x7c, 0x64, 
    0x18, 0xc6, 0xf3, 0xd9, 0xd9, 0xd9, 0x4b, 0x8c, 0xb1, 0x92, 0xae, 0xeb, 
    0x1f, 0x19, 0x63, 0x35, 0x4d, 0xfd, 0x17, 0x44, 0xc4, 0x2c, 0xcb, 0x12, 
    0xa6, 0xa6, 0xa6, 0xd4, 0x54, 0x2a, 0xf5, 0x07, 0xc7, 0x71, 0xf0, 0xfb, 
    0xfd, 0xbf, 0x76, 0x75, 0x75, 0xfd, 0x46, 0x44, 0x42, 0x39, 0xa7, 0xe6, 
    0x25, 0x3e, 0x94, 0xf2, 0x3f, 0x40, 0x7b, 0x7b, 0xfb, 0x9d, 0x78, 0x3c, 
    0x4e, 0x89, 0x44, 0xe2, 0x97, 0x5c, 0x2e, 0xf7, 0x1a, 0x80, 0x0c, 0x80, 
    0xab, 0xd7, 0xd4, 0x0a, 0x1c, 0x00, 0x96, 0xcd, 0x66, 0xd3, 0xc1, 0x60, 
    0xf0, 0x6f, 0xb7, 0xdb, 0x4d, 0x9a, 0xa6, 0xfd, 0xb9, 0xbc, 0xbc, 0xec, 
    0x25, 0x22, 0xe6, 0x38, 0x4e, 0xfd, 0xca, 0x81, 0x83, 0x7b, 0x03, 0x00, 
    0xd3, 0xd3, 0xd3, 0xe9, 0xd6, 0xd6, 0xd6, 0x97, 0xe1, 0x70, 0xf8, 0xc9, 
    0xea, 0xea, 0x6a, 0xe5, 0x0c, 0xfc, 0xb7, 0xe2, 0x47, 0x51, 0xeb, 0x2c, 
    0xd7, 0x03, 0x2b, 0x6f, 0xd2, 0x91, 0x27, 0xbd, 0x16, 0x5f, 0x00, 0xf2, 
    0x12, 0xf2, 0x68, 0xa9, 0xb5, 0x27, 0xc8, 0x00, 0x00, 0x00, 0x00, 0x49, 
    0x45, 0x4e, 0x44, 0xae, 0x42, 0x60, 0x82, 
};
static const size_t perf_size = sizeof(perf_data);

// Datas for powernap.png
static const unsigned char powernap_data[] = {
    0x89, 0x50, 0x4e, 0x47, 0x0d, 0x0a, 0x1a, 0x0a, 0x00, 0x00, 0x00, 0x0d, 
    0x49, 0x48, 0x44, 0x52, 0x00, 0x00, 0x00, 0x18, 0x00, 0x00, 0x00, 0x18, 
    0x08, 0x06, 0x00, 0x00, 0x00, 0xe0, 0x77, 0x3d, 0xf8, 0x00, 0x00, 0x02, 
    0xcd, 0x49, 0x44, 0x41, 0x54, 0x78, 0x9c, 0xad, 0x94, 0x4d, 0xa8, 0x55, 
    0x55, 0x14, 0xc7, 0x7f, 0xbf, 0x7d, 0xee, 0xbb, 0x66, 0x54, 0xbc, 0x22, 
    0x08, 0x84, 0x26, 0xd9, 0x20, 0x2c, 0x7a, 0x71, 0x95, 0xbe, 0x28, 0x0d, 
    0x04, 0x07, 0x4d, 0x1c, 0x34, 0x89, 0x20, 0x1c, 0x89, 0x93, 0xc0, 0x49, 
    0x44, 0xe4, 0x28, 0x2b, 0x68, 0x10, 0x11, 0x18, 0x85, 0x60, 0x11, 0x8e, 
    0x82, 0x26, 0x21, 0x36, 0x17, 0xc1, 0x8f, 0x17, 0x0d, 0x14, 0x87, 0x15, 
    0x35, 0x2d, 0x51, 0xf3, 0xf9, 0x81, 0xbe, 0x77, 0xef, 0xdd, 0x0e, 0xce, 
    0xda, 0xaf, 0x7d, 0x8f, 0xe7, 0x06, 0x45, 0x0b, 0x0e, 0x8b, 0xb3, 0xf7, 
    0x5e, 0xff, 0xb5, 0xd6, 0x7f, 0xfd, 0xf7, 0x86, 0xff, 0xcf, 0x9a, 0xf0, 
    0x5b, 0xd4, 0xac, 0x7e, 0xd2, 0x77, 0xc8, 0xff, 0x08, 0xbe, 0x10, 0x7e, 
    0x9b, 0xfa, 0x87, 0xfa, 0x3b, 0xb0, 0x1d, 0x48, 0x5d, 0x70, 0xab, 0x80, 
    0x8d, 0xc0, 0xe0, 0x5f, 0x80, 0x6f, 0x55, 0x2f, 0xa9, 0x53, 0xf5, 0x87, 
    0x58, 0x5b, 0x8f, 0x17, 0xd8, 0x00, 0xa0, 0x7e, 0x19, 0x2d, 0xde, 0x4c, 
    0x29, 0x1d, 0x88, 0xfd, 0xe1, 0x1c, 0xf0, 0x42, 0xcb, 0xd3, 0xea, 0xcd, 
    0x88, 0xcb, 0xc0, 0x43, 0xd5, 0xde, 0x8c, 0x1d, 0x8e, 0x43, 0xdf, 0x84, 
    0xff, 0xf0, 0x1f, 0x12, 0x0c, 0x01, 0x06, 0x83, 0xc1, 0xb3, 0xea, 0x5f, 
    0xea, 0x38, 0x62, 0xbe, 0x8a, 0xae, 0x16, 0xa2, 0x70, 0x06, 0xc0, 0x50, 
    0xfd, 0x22, 0xb2, 0x1f, 0x8a, 0x4e, 0xb2, 0xfa, 0xc1, 0x9c, 0x04, 0x7d, 
    0xb4, 0xdc, 0x52, 0xaf, 0x01, 0x9b, 0xfa, 0x2a, 0x7f, 0x2b, 0x00, 0x3f, 
    0x2b, 0x80, 0xf1, 0x7f, 0xb0, 0x27, 0x41, 0x19, 0x5c, 0x4d, 0xcb, 0xed, 
    0xf0, 0x47, 0x81, 0x9d, 0xb4, 0x03, 0xde, 0x05, 0x3c, 0x0c, 0xf0, 0xa8, 
    0x7a, 0x22, 0xaa, 0x2f, 0x36, 0x98, 0x93, 0xa0, 0x09, 0x5a, 0x5e, 0x50, 
    0x57, 0x0a, 0xe7, 0x73, 0xbe, 0x9f, 0x81, 0xcd, 0x09, 0xd8, 0x02, 0xec, 
    0xc8, 0x39, 0xef, 0xab, 0x80, 0x32, 0xb0, 0x16, 0x80, 0x45, 0x59, 0x29, 
    0xd6, 0x9f, 0x9c, 0x4c, 0x26, 0xdf, 0x05, 0xb5, 0x2b, 0xc0, 0x8d, 0xaa, 
    0xb0, 0xdb, 0xe1, 0x97, 0x73, 0xce, 0x23, 0xe0, 0x57, 0xd4, 0xeb, 0xea, 
    0x6f, 0xc0, 0xe3, 0x15, 0x58, 0xa3, 0xe6, 0x94, 0xd2, 0x3b, 0xf1, 0xbf, 
    0xa1, 0x02, 0x19, 0x02, 0x0f, 0x00, 0xf7, 0x01, 0x9b, 0xd4, 0xa3, 0x51, 
    0xf1, 0xad, 0xf0, 0xe7, 0x69, 0x25, 0xde, 0x16, 0x15, 0x40, 0xef, 0x56, 
    0x40, 0x09, 0x50, 0x3d, 0xa2, 0x9e, 0xa4, 0x1d, 0xda, 0xba, 0x22, 0x3a, 
    0xf6, 0x4c, 0x80, 0xde, 0x08, 0xbf, 0x0c, 0x2c, 0xc6, 0xd9, 0x56, 0xa6, 
    0x95, 0x5a, 0x8c, 0xea, 0x8a, 0x7e, 0x37, 0xc7, 0x5c, 0x76, 0x76, 0xe6, 
    0x40, 0x49, 0xa6, 0x2e, 0xab, 0xab, 0x81, 0xf1, 0x13, 0xad, 0xfe, 0x0b, 
    0x9d, 0xd4, 0x09, 0xde, 0xef, 0x80, 0x0c, 0x69, 0x95, 0xf4, 0xa9, 0xba, 
    0x0a, 0x3c, 0x51, 0xa8, 0xab, 0x00, 0x9e, 0xab, 0x06, 0x3a, 0x4b, 0x4b, 
    0x6d, 0xea, 0x24, 0xd4, 0x52, 0x3a, 0x28, 0x40, 0x09, 0x78, 0x59, 0xbd, 
    0xac, 0x5e, 0x06, 0xb6, 0xc6, 0xde, 0xbd, 0x11, 0x77, 0x3a, 0xc0, 0xcf, 
    0xdc, 0x45, 0x4b, 0x27, 0x41, 0x4e, 0x29, 0xbd, 0x37, 0x8f, 0x06, 0xe0, 
    0xa9, 0xe0, 0xf8, 0x2a, 0x30, 0x02, 0x48, 0x29, 0xed, 0xaf, 0x68, 0x79, 
    0x24, 0xe2, 0xee, 0x99, 0x97, 0xe0, 0xbc, 0xfa, 0x75, 0x54, 0xd1, 0x1d, 
    0x66, 0xb9, 0xb1, 0x23, 0xf5, 0x6a, 0xcc, 0xe4, 0xb1, 0xa6, 0x69, 0x76, 
    0xab, 0xdf, 0xdf, 0x05, 0xd6, 0xda, 0xcc, 0x03, 0x69, 0x54, 0x78, 0x21, 
    0xe7, 0xbc, 0x04, 0x5c, 0x08, 0x6a, 0x26, 0x9d, 0x24, 0x6b, 0xb4, 0xcf, 
    0xc2, 0x6b, 0xc0, 0xdb, 0x39, 0xe7, 0x8f, 0x80, 0x15, 0x75, 0x91, 0x56, 
    0xd2, 0x6b, 0x39, 0xe7, 0x85, 0xa6, 0x69, 0x8e, 0x8d, 0xc7, 0xe3, 0x1f, 
    0xa3, 0x93, 0x75, 0x8c, 0xed, 0xd1, 0xee, 0xd9, 0xbe, 0x0a, 0x3a, 0x74, 
    0x01, 0xbc, 0xa4, 0x1e, 0x9f, 0x73, 0x7b, 0xff, 0x54, 0x4f, 0x11, 0x73, 
    0x2a, 0xd6, 0xa4, 0x94, 0xf6, 0xa9, 0x13, 0x60, 0xa9, 0xac, 0xf5, 0x24, 
    0x69, 0x98, 0x9d, 0x51, 0x11, 0x42, 0xb9, 0x84, 0x7b, 0xab, 0x27, 0x62, 
    0x58, 0x17, 0x35, 0x00, 0x50, 0xcf, 0x85, 0x24, 0x47, 0xb1, 0x9e, 0x02, 
    0xa4, 0x9b, 0xac, 0x00, 0xd7, 0xf6, 0x46, 0x80, 0x9f, 0x06, 0xee, 0xef, 
    0x9e, 0x29, 0xf2, 0x1a, 0xa9, 0xd7, 0xd4, 0x35, 0x5a, 0x49, 0x76, 0x87, 
    0x3d, 0xac, 0x7c, 0xb1, 0x8d, 0xc0, 0x9e, 0x00, 0x3f, 0x05, 0x3c, 0x58, 
    0x15, 0x37, 0x63, 0x65, 0x61, 0x9b, 0x7a, 0x26, 0x02, 0x7e, 0x01, 0x9e, 
    0x8f, 0xaf, 0x6b, 0x8b, 0xc0, 0x0e, 0xf5, 0x4a, 0x9c, 0x3d, 0xc7, 0x9c, 
    0x8b, 0x56, 0x57, 0x99, 0x80, 0x29, 0x40, 0x4a, 0xe9, 0xcd, 0x9c, 0xf3, 
    0xab, 0xc0, 0xeb, 0xb1, 0xf7, 0x31, 0xb0, 0x4a, 0x4b, 0xe7, 0x18, 0xd8, 
    0x4d, 0x3b, 0xaf, 0x8b, 0xea, 0xe7, 0xd3, 0xe9, 0xf4, 0x10, 0x70, 0x85, 
    0x8e, 0x7a, 0xfa, 0x4c, 0xfe, 0xd6, 0x3e, 0xc0, 0x8b, 0xc0, 0x2b, 0x3d, 
    0x6a, 0xf9, 0x36, 0xf6, 0x96, 0x7a, 0x51, 0x2a, 0xbb, 0x03, 0x8e, 0x0c, 
    0xbb, 0x87, 0xa4, 0xb8, 0xc1, 0x7f, 0x00, 0x00, 0x00, 0x00, 0x49, 0x45, 
    0x4e, 0x44, 0xae, 0x42, 0x60, 0x82, 
};
static const size_t powernap_size = sizeof(powernap_data);

// Datas for pres.png
static const unsigned char pres_data[] = {
    0x89, 0x50, 0x4e, 0x47, 0x0d, 0x0a, 0x1a, 0x0a, 0x00, 0x00, 0x00, 0x0d, 
    0x49, 0x48, 0x44, 0x52, 0x00, 0x00, 0x00, 0x30, 0x00, 0x00, 0x00, 0x30, 
    0x08, 0x03, 0x00, 0x00, 0x00, 0x60, 0xdc, 0x09, 0xb5, 0x00, 0x00, 0x00, 
    0x09, 0x50, 0x4c, 0x54, 0x45, 0x00, 0x00, 0x00, 0x96, 0x96, 0x96, 0x00, 
    0x00, 0x00, 0x8e, 0x31, 0x70, 0x56, 0x00, 0x00, 0x00, 0x03, 0x74, 0x52, 
    0x4e, 0x53, 0x00, 0xff, 0xff, 0x44, 0x50, 0xd6, 0x21, 0x00, 0x00, 0x00, 
    0x09, 0x70, 0x48, 0x59, 0x73, 0x00, 0x00, 0x0b, 0x13, 0x00, 0x00, 0x0b, 
    0x13, 0x01, 0x00, 0x9a, 0x9c, 0x18, 0x00, 0x00, 0x04, 0xed, 0x69, 0x54, 
    0x58, 0x74, 0x58, 0x4d, 0x4c, 0x3a, 0x63, 0x6f, 0x6d, 0x2e, 0x61, 0x64, 
    0x6f, 0x62, 0x65, 0x2e, 0x78, 0x6d, 0x70, 0x00, 0x00, 0x00, 0x00, 0x00, 
    0x3c, 0x3f, 0x78, 0x70, 0x61, 0x63, 0x6b, 0x65, 0x74, 0x20, 0x62, 0x65, 
    0x67, 0x69, 0x6e, 0x3d, 0x22, 0xef, 0xbb, 0xbf, 0x22, 0x20, 0x69, 0x64, 
    0x3d, 0x22, 0x57, 0x35, 0x4d, 0x30, 0x4d, 0x70, 0x43, 0x65, 0x68, 0x69, 
    0x48, 0x7a, 0x72, 0x65, 0x53, 0x7a, 0x4e, 0x54, 0x63, 0x7a, 0x6b, 0x63, 
    0x39, 0x64, 0x22, 0x3f, 0x3e, 0x20, 0x3c, 0x78, 0x3a, 0x78, 0x6d, 0x70, 
    0x6d, 0x65, 0x74, 0x61, 0x20, 0x78, 0x6d, 0x6c, 0x6e, 0x73, 0x3a, 0x78, 
    0x3d, 0x22, 0x61, 0x64, 0x6f, 0x62, 0x65, 0x3a, 0x6e, 0x73, 0x3a, 0x6d, 
    0x65, 0x74, 0x61, 0x2f, 0x22, 0x20, 0x78, 0x3a, 0x78, 0x6d, 0x70, 0x74, 
    0x6b, 0x3d, 0x22, 0x41, 0x64, 0x6f, 0x62, 0x65, 0x20, 0x58, 0x4d, 0x50, 
    0x20, 0x43, 0x6f, 0x72, 0x65, 0x20, 0x36, 0x2e, 0x30, 0x2d, 0x63, 0x30, 
    0x30, 0x32, 0x20, 0x37, 0x39, 0x2e, 0x31, 0x36, 0x34, 0x34, 0x36, 0x30, 
    0x2c, 0x20, 0x32, 0x30, 0x32, 0x30, 0x2f, 0x30, 0x35, 0x2f, 0x31, 0x32, 
    0x2d, 0x31, 0x36, 0x3a, 0x30, 0x34, 0x3a, 0x31, 0x37, 0x20, 0x20, 0x20, 
    0x20, 0x20, 0x20, 0x20, 0x20, 0x22, 0x3e, 0x20, 0x3c, 0x72, 0x64, 0x66, 
    0x3a, 0x52, 0x44, 0x46, 0x20, 0x78, 0x6d, 0x6c, 0x6e, 0x73, 0x3a, 0x72, 
    0x64, 0x66, 0x3d, 0x22, 0x68, 0x74, 0x74, 0x70, 0x3a, 0x2f, 0x2f, 0x77, 
    0x77, 0x77, 0x2e, 0x77, 0x33, 0x2e, 0x6f, 0x72, 0x67, 0x2f, 0x31, 0x39, 
    0x39, 0x39, 0x2f, 0x30, 0x32, 0x2f, 0x32, 0x32, 0x2d, 0x72, 0x64, 0x66, 
    0x2d, 0x73, 0x79, 0x6e, 0x74, 0x61, 0x78, 0x2d, 0x6e, 0x73, 0x23, 0x22, 
    0x3e, 0x20, 0x3c, 0x72, 0x64, 0x66, 0x3a, 0x44, 0x65, 0x73, 0x63, 0x72, 
    0x69, 0x70, 0x74, 0x69, 0x6f, 0x6e, 0x20, 0x72, 0x64, 0x66, 0x3a, 0x61, 
    0x62, 0x6f, 0x75, 0x74, 0x3d, 0x22, 0x22, 0x20, 0x78, 0x6d, 0x6c, 0x6e, 
    0x73, 0x3a, 0x78, 0x6d, 0x70, 0x3d, 0x22, 0x68, 0x74, 0x74, 0x70, 0x3a, 
    0x2f, 0x2f, 0x6e, 0x73, 0x2e, 0x61, 0x64, 0x6f, 0x62, 0x65, 0x2e, 0x63, 
    0x6f, 0x6d, 0x2f, 0x78, 0x61, 0x70, 0x2f, 0x31, 0x2e, 0x30, 0x2f, 0x22, 
    0x20, 0x78, 0x6d, 0x6c, 0x6e, 0x73, 0x3a, 0x64, 0x63, 0x3d, 0x22, 0x68, 
    0x74, 0x74, 0x70, 0x3a, 0x2f, 0x2f, 0x70, 0x75, 0x72, 0x6c, 0x2e, 0x6f, 
    0x72, 0x67, 0x2f, 0x64, 0x63, 0x2f, 0x65, 0x6c, 0x65, 0x6d, 0x65, 0x6e, 
    0x74, 0x73, 0x2f, 0x31, 0x2e, 0x31, 0x2f, 0x22, 0x20, 0x78, 0x6d, 0x6c, 
    0x6e, 0x73, 0x3a, 0x70, 0x68, 0x6f, 0x74, 0x6f, 0x73, 0x68, 0x6f, 0x70, 
    0x3d, 0x22, 0x68, 0x74, 0x74, 0x70, 0x3a, 0x2f, 0x2f, 0x6e, 0x73, 0x2e, 
    0x61, 0x64, 0x6f, 0x62, 0x65, 0x2e, 0x63, 0x6f, 0x6d, 0x2f, 0x70, 0x68, 
    0x6f, 0x74, 0x6f, 0x73, 0x68, 0x6f, 0x70, 0x2f, 0x31, 0x2e, 0x30, 0x2f, 
    0x22, 0x20, 0x78, 0x6d, 0x6c, 0x6e, 0x73, 0x3a, 0x78, 0x6d, 0x70, 0x4d, 
    0x4d, 0x3d, 0x22, 0x68, 0x74, 0x74, 0x70, 0x3a, 0x2f, 0x2f, 0x6e, 0x73, 
    0x2e, 0x61, 0x64, 0x6f, 0x62, 0x65, 0x2e, 0x63, 0x6f, 0x6d, 0x2f, 0x78, 
    0x61, 0x70, 0x2f, 0x31, 0x2e, 0x30, 0x2f, 0x6d, 0x6d, 0x2f, 0x22, 0x20, 
    0x78, 0x6d, 0x6c, 0x6e, 0x73, 0x3a, 0x73, 0x74, 0x45, 0x76, 0x74, 0x3d, 
    0x22, 0x68, 0x74, 0x74, 0x70, 0x3a, 0x2f, 0x2f, 0x6e, 0x73, 0x2e, 0x61, 
    0x64, 0x6f, 0x62, 0x65, 0x2e, 0x63, 0x6f, 0x6d, 0x2f, 0x78, 0x61, 0x70, 
    0x2f, 0x31, 0x2e, 0x30, 0x2f, 0x73, 0x54, 0x79, 0x70, 0x65, 0x2f, 0x52, 
    0x65, 0x73, 0x6f, 0x75, 0x72, 0x63, 0x65, 0x45, 0x76, 0x65, 0x6e, 0x74, 
    0x23, 0x22, 0x20, 0x78, 0x6d, 0x70, 0x3a, 0x43, 0x72, 0x65, 0x61, 0x74, 
    0x6f, 0x72, 0x54, 0x6f, 0x6f, 0x6c, 0x3d, 0x22, 0x41, 0x64, 0x6f, 0x62, 
    0x65, 0x20, 0x50, 0x68, 0x6f, 0x74, 0x6f, 0x73, 0x68, 0x6f, 0x70, 0x20, 
    0x32, 0x31, 0x2e, 0x32, 0x20, 0x28, 0x57, 0x69, 0x6e, 0x64, 0x6f, 0x77, 
    0x73, 0x29, 0x22, 0x20, 0x78, 0x6d, 0x70, 0x3a, 0x43, 0x72, 0x65, 0x61, 
    0x74, 0x65, 0x44, 0x61, 0x74, 0x65, 0x3d, 0x22, 0x32, 0x30, 0x32, 0x35, 
    0x2d, 0x30, 0x36, 0x2d, 0x32, 0x35, 0x54, 0x31, 0x32, 0x3a, 0x34, 0x39, 
    0x3a, 0x33, 0x31, 0x2b, 0x30, 0x32, 0x3a, 0x30, 0x30, 0x22, 0x20, 0x78, 
    0x6d, 0x70, 0x3a, 0x4d, 0x6f, 0x64, 0x69, 0x66, 0x79, 0x44, 0x61, 0x74, 
    0x65, 0x3d, 0x22, 0x32, 0x30, 0x32, 0x36, 0x2d, 0x30, 0x37, 0x2d, 0x30, 
    0x36, 0x54, 0x31, 0x35, 0x3a, 0x31, 0x39, 0x3a, 0x34, 0x30, 0x2b, 0x30, 
    0x32, 0x3a, 0x30, 0x30, 0x22, 0x20, 0x78, 0x6d, 0x70, 0x3a, 0x4d, 0x65, 
    0x74, 0x61, 0x64, 0x61, 0x74, 0x61, 0x44, 0x61, 0x74, 0x65, 0x3d, 0x22, 
    0x32, 0x30, 0x32, 0x36, 0x2d, 0x30, 0x37, 0x2d, 0x30, 0x36, 0x54, 0x31, 
    0x35, 0x3a, 0x31, 0x39, 0x3a, 0x34, 0x30, 0x2b, 0x30, 0x32, 0x3a, 0x30, 
    0x30, 0x22, 0x20, 0x64, 0x63, 0x3a, 0x66, 0x6f, 0x72, 0x6d, 0x61, 0x74, 
    0x3d, 0x22, 0x69, 0x6d, 0x61, 0x67, 0x65, 0x2f, 0x70, 0x6e, 0x67, 0x22, 
    0x20, 0x70, 0x68, 0x6f, 0x74, 0x6f, 0x73, 0x68, 0x6f, 0x70, 0x3a, 0x43, 
    0x6f, 0x6c, 0x6f, 0x72, 0x4d, 0x6f, 0x64, 0x65, 0x3d, 0x22, 0x32, 0x22, 
    0x20, 0x78, 0x6d, 0x70, 0x4d, 0x4d, 0x3a, 0x49, 0x6e, 0x73, 0x74, 0x61, 
    0x6e, 0x63, 0x65, 0x49, 0x44, 0x3d, 0x22, 0x78, 0x6d, 0x70, 0x2e, 0x69, 
    0x69, 0x64, 0x3a, 0x38, 0x36, 0x37, 0x65, 0x62, 0x61, 0x34, 0x33, 0x2d, 
    0x36, 0x65, 0x37, 0x63, 0x2d, 0x36, 0x31, 0x34, 0x34, 0x2d, 0x61, 0x31, 
    0x31, 0x65, 0x2d, 0x36, 0x31, 0x66, 0x39, 0x62, 0x32, 0x63, 0x35, 0x35, 
    0x38, 0x62, 0x32, 0x22, 0x20, 0x78, 0x6d, 0x70, 0x4d, 0x4d, 0x3a, 0x44, 
    0x6f, 0x63, 0x75, 0x6d, 0x65, 0x6e, 0x74, 0x49, 0x44, 0x3d, 0x22, 0x78, 
    0x6d, 0x70, 0x2e, 0x64, 0x69, 0x64, 0x3a, 0x38, 0x36, 0x37, 0x65, 0x62, 
    0x61, 0x34, 0x33, 0x2d, 0x36, 0x65, 0x37, 0x63, 0x2d, 0x36, 0x31, 0x34, 
    0x34, 0x2d, 0x61, 0x31, 0x31, 0x65, 0x2d, 0x36, 0x31, 0x66, 0x39, 0x62, 
    0x32, 0x63, 0x35, 0x35, 0x38, 0x62, 0x32, 0x22, 0x20, 0x78, 0x6d, 0x70, 
    0x4d, 0x4d, 0x3a, 0x4f, 0x72, 0x69, 0x67, 0x69, 0x6e, 0x61, 0x6c, 0x44, 
    0x6f, 0x63, 0x75, 0x6d, 0x65, 0x6e, 0x74, 0x49, 0x44, 0x3d, 0x22, 0x78, 
    0x6d, 0x70, 0x2e, 0x64, 0x69, 0x64, 0x3a, 0x38, 0x36, 0x37, 0x65, 0x62, 
    0x61, 0x34, 0x33, 0x2d, 0x36, 0x65, 0x37, 0x63, 0x2d, 0x36, 0x31, 0x34, 
    0x34, 0x2d, 0x61, 0x31, 0x31, 0x65, 0x2d, 0x36, 0x31, 0x66, 0x39, 0x62, 
    0x32, 0x63, 0x35, 0x35, 0x38, 0x62, 0x32, 0x22, 0x3e, 0x20, 0x3c, 0x78, 
    0x6d, 0x70, 0x4d, 0x4d, 0x3a, 0x48, 0x69, 0x73, 0x74, 0x6f, 0x72, 0x79, 
    0x3e, 0x20, 0x3c, 0x72, 0x64, 0x66, 0x3a, 0x53, 0x65, 0x71, 0x3e, 0x20, 
    0x3c, 0x72, 0x64, 0x66, 0x3a, 0x6c, 0x69, 0x20, 0x73, 0x74, 0x45, 0x76, 
    0x74, 0x3a, 0x61, 0x63, 0x74, 0x69, 0x6f, 0x6e, 0x3d, 0x22, 0x63, 0x72, 
    0x65, 0x61, 0x74, 0x65, 0x64, 0x22, 0x20, 0x73, 0x74, 0x45, 0x76, 0x74, 
    0x3a, 0x69, 0x6e, 0x73, 0x74, 0x61, 0x6e, 0x63, 0x65, 0x49, 0x44, 0x3d, 
    0x22, 0x78, 0x6d, 0x70, 0x2e, 0x69, 0x69, 0x64, 0x3a, 0x38, 0x36, 0x37, 
    0x65, 0x62, 0x61, 0x34, 0x33, 0x2d, 0x36, 0x65, 0x37, 0x63, 0x2d, 0x36, 
    0x31, 0x34, 0x34, 0x2d, 0x61, 0x31, 0x31, 0x65, 0x2d, 0x36, 0x31, 0x66, 
    0x39, 0x62, 0x32, 0x63, 0x35, 0x35, 0x38, 0x62, 0x32, 0x22, 0x20, 0x73, 
    0x74, 0x45, 0x76, 0x74, 0x3a, 0x77, 0x68, 0x65, 0x6e, 0x3d, 0x22, 0x32, 
    0x30, 0x32, 0x35, 0x2d, 0x30, 0x36, 0x2d, 0x32, 0x35, 0x54, 0x31, 0x32, 
    0x3a, 0x34, 0x39, 0x3a, 0x33, 0x31, 0x2b, 0x30, 0x32, 0x3a, 0x30, 0x30, 
    0x22, 0x20, 0x73, 0x74, 0x45, 0x76, 0x74, 0x3a, 0x73, 0x6f, 0x66, 0x74, 
    0x77, 0x61, 0x72, 0x65, 0x41, 0x67, 0x65, 0x6e, 0x74, 0x3d, 0x22, 0x41, 
    0x64, 0x6f, 0x62, 0x65, 0x20, 0x50, 0x68, 0x6f, 0x74, 0x6f, 0x73, 0x68, 
    0x6f, 0x70, 0x20, 0x32, 0x31, 0x2e, 0x32, 0x20, 0x28, 0x57, 0x69, 0x6e, 
    0x64, 0x6f, 0x77, 0x73, 0x29, 0x22, 0x2f, 0x3e, 0x20, 0x3c, 0x2f, 0x72, 
    0x64, 0x66, 0x3a, 0x53, 0x65, 0x71, 0x3e, 0x20, 0x3c, 0x2f, 0x78, 0x6d, 
    0x70, 0x4d, 0x4d, 0x3a, 0x48, 0x69, 0x73, 0x74, 0x6f, 0x72, 0x79, 0x3e, 
    0x20, 0x3c, 0x2f, 0x72, 0x64, 0x66, 0x3a, 0x44, 0x65, 0x73, 0x63, 0x72, 
    0x69, 0x70, 0x74, 0x69, 0x6f, 0x6e, 0x3e, 0x20, 0x3c, 0x2f, 0x72, 0x64, 
    0x66, 0x3a, 0x52, 0x44, 0x46, 0x3e, 0x20, 0x3c, 0x2f, 0x78, 0x3a, 0x78, 
    0x6d, 0x70, 0x6d, 0x65, 0x74, 0x61, 0x3e, 0x20, 0x3c, 0x3f, 0x78, 0x70, 
    0x61, 0x63, 0x6b, 0x65, 0x74, 0x20, 0x65, 0x6e, 0x64, 0x3d, 0x22, 0x72, 
    0x22, 0x3f, 0x3e, 0xff, 0x1c, 0x94, 0x6a, 0x00, 0x00, 0x00, 0x82, 0x49, 
    0x44, 0x41, 0x54, 0x48, 0x89, 0xed, 0x94, 0xb1, 0x12, 0x80, 0x30, 0x08, 
    0x43, 0xa1, 0xfa, 0xff, 0xbf, 0x8c, 0x8b, 0x43, 0x25, 0x91, 0x36, 0xa7, 
    0x23, 0x19, 0xc3, 0xbd, 0x86, 0x6b, 0xa1, 0x66, 0xa2, 0xbc, 0x72, 0x63, 
    0x13, 0x98, 0x3c, 0x44, 0x10, 0x48, 0x4e, 0x46, 0x00, 0x00, 0x23, 0xea, 
    0xba, 0xcf, 0x66, 0x10, 0x22, 0x01, 0x9e, 0xcc, 0x00, 0x62, 0xe4, 0x0e, 
    0x16, 0x0d, 0xda, 0xc1, 0xea, 0x7e, 0x9f, 0xea, 0x0f, 0x77, 0x2b, 0x01, 
    0x23, 0x46, 0x55, 0x0d, 0xe2, 0xaf, 0x12, 0x40, 0x32, 0x70, 0x16, 0x35, 
    0x37, 0x32, 0x1b, 0x6f, 0x00, 0x1f, 0x4a, 0xfb, 0xb9, 0xa5, 0x8d, 0xf1, 
    0x4e, 0x0f, 0xc7, 0xc0, 0x8f, 0xd7, 0xca, 0x7a, 0xd0, 0x86, 0x6f, 0x95, 
    0x40, 0x23, 0xca, 0x7d, 0xd0, 0x37, 0x4e, 0xdf, 0x69, 0x93, 0x7f, 0x8d, 
    0xc9, 0xe5, 0x97, 0xd6, 0x6a, 0xb5, 0x5a, 0x8a, 0x2e, 0xf9, 0x30, 0x16, 
    0x31, 0xb4, 0xc6, 0xbd, 0x29, 0x00, 0x00, 0x00, 0x00, 0x49, 0x45, 0x4e, 
    0x44, 0xae, 0x42, 0x60, 0x82, 
};
static const size_t pres_size = sizeof(pres_data);

// Datas for presmode.png
static const unsigned char presmode_data[] = {
    0x89, 0x50, 0x4e, 0x47, 0x0d, 0x0a, 0x1a, 0x0a, 0x00, 0x00, 0x00, 0x0d, 
    0x49, 0x48, 0x44, 0x52, 0x00, 0x00, 0x00, 0x18, 0x00, 0x00, 0x00, 0x18, 
    0x08, 0x06, 0x00, 0x00, 0x00, 0xe0, 0x77, 0x3d, 0xf8, 0x00, 0x00, 0x01, 
    0x9e, 0x49, 0x44, 0x41, 0x54, 0x78, 0x9c, 0xd5, 0x95, 0xbf, 0x4a, 0x03, 
    0x41, 0x10, 0xc6, 0x7f, 0x77, 0xb7, 0x5e, 0xc0, 0x08, 0x3e, 0x42, 0x44, 
    0xbb, 0x80, 0xa5, 0x20, 0x29, 0x6c, 0xcc, 0x7b, 0x88, 0x58, 0xf8, 0x16, 
    0x82, 0xa5, 0x8f, 0x60, 0xe5, 0x53, 0xd8, 0x5a, 0x58, 0xa8, 0x60, 0x29, 
    0xd8, 0x04, 0x0b, 0x1f, 0x21, 0x90, 0x44, 0xf3, 0xe7, 0x12, 0x8b, 0xfd, 
    0x96, 0xdb, 0x1c, 0xb7, 0x77, 0x49, 0x20, 0x85, 0x1f, 0x0c, 0x7b, 0x37, 
    0xdf, 0xce, 0xcc, 0xce, 0xcc, 0xfe, 0x81, 0xff, 0x8e, 0x48, 0xb2, 0x13, 
    0xe0, 0x33, 0x49, 0xba, 0xa1, 0xff, 0xe9, 0x86, 0x76, 0xab, 0x23, 0x02, 
    0x5a, 0xc0, 0xa5, 0xfe, 0x63, 0x8d, 0x99, 0xb8, 0x27, 0xe0, 0x19, 0xb8, 
    0x01, 0x12, 0xe9, 0x56, 0xc1, 0x5c, 0xe3, 0x03, 0x40, 0x17, 0x58, 0x04, 
    0xe4, 0x4e, 0x13, 0x43, 0x7c, 0x9d, 0x74, 0x63, 0x60, 0x08, 0x4c, 0x80, 
    0x0e, 0x60, 0x24, 0x0d, 0xe9, 0x06, 0x0a, 0x30, 0x01, 0x6e, 0xc5, 0xed, 
    0x7a, 0xf3, 0x8a, 0xd2, 0xd0, 0xd8, 0x91, 0xcd, 0xd0, 0x28, 0xed, 0x54, 
    0x11, 0x33, 0x2f, 0xcd, 0x54, 0x65, 0x71, 0xdf, 0x31, 0x79, 0xd3, 0xfd, 
    0x79, 0x45, 0x64, 0xf2, 0x95, 0x02, 0x51, 0xec, 0x11, 0xc3, 0xc2, 0xa4, 
    0x22, 0xc6, 0x5e, 0x36, 0x55, 0xce, 0x97, 0x7c, 0x19, 0x8d, 0x33, 0xe0, 
    0x04, 0x68, 0xea, 0x3f, 0x92, 0xce, 0x19, 0x4c, 0x81, 0x03, 0xe0, 0x54, 
    0x36, 0xb3, 0x40, 0x80, 0x18, 0xdb, 0xe0, 0xb6, 0x3f, 0xa7, 0xae, 0xc9, 
    0x49, 0x05, 0x5f, 0xdb, 0xe4, 0x48, 0xab, 0x3e, 0x52, 0xc4, 0x85, 0x82, 
    0xba, 0x1a, 0x7e, 0x03, 0x7d, 0xe0, 0x58, 0x2b, 0x73, 0xdb, 0xcf, 0x61, 
    0x1f, 0x5b, 0xba, 0x5f, 0x65, 0xed, 0xec, 0x23, 0x65, 0xfa, 0x65, 0x28, 
    0x47, 0xac, 0xb2, 0x1c, 0x62, 0x77, 0x46, 0xbf, 0x84, 0x8f, 0x81, 0x37, 
    0x05, 0x69, 0x61, 0x7b, 0x53, 0x7a, 0x4e, 0xaa, 0x4a, 0x54, 0x27, 0x09, 
    0xb6, 0x8c, 0xc1, 0x12, 0x19, 0x60, 0xa4, 0xf2, 0x5c, 0x03, 0x9f, 0xe4, 
    0x8d, 0x2a, 0x83, 0x6b, 0xf0, 0x15, 0x70, 0x81, 0xdd, 0x04, 0x03, 0xe9, 
    0xce, 0xbc, 0x12, 0xb5, 0x81, 0x7b, 0x60, 0x64, 0x3c, 0xc3, 0x77, 0xe0, 
    0x23, 0xe0, 0xb8, 0x88, 0x73, 0xf2, 0x0b, 0x32, 0x91, 0xfd, 0xab, 0xc7, 
    0x0f, 0xa5, 0xc3, 0x3f, 0x07, 0x4d, 0xcf, 0x20, 0x04, 0x77, 0xab, 0x36, 
    0x4a, 0x38, 0xdf, 0xce, 0xf9, 0xc2, 0x60, 0xd3, 0x72, 0x0d, 0x4a, 0x6a, 
    0x02, 0x38, 0x7e, 0x4e, 0x7e, 0xe0, 0x32, 0x7d, 0xfb, 0x76, 0x91, 0x74, 
    0x0b, 0xa3, 0x68, 0x29, 0xf0, 0x52, 0xe1, 0xb8, 0x0a, 0x7b, 0xb2, 0x1f, 
    0x97, 0x70, 0x4d, 0x03, 0xf4, 0xb0, 0x17, 0x19, 0x2c, 0x97, 0xac, 0x0a, 
    0xfe, 0xbd, 0xf5, 0x08, 0xfc, 0x90, 0xef, 0x2a, 0xc8, 0x37, 0x49, 0x6f, 
    0xdd, 0xd5, 0xae, 0x8d, 0xba, 0x27, 0xb3, 0x0e, 0xae, 0xf6, 0xa1, 0xbe, 
    0x6d, 0xff, 0xc9, 0xdc, 0x3a, 0xfe, 0x00, 0x1b, 0xf7, 0x96, 0x5d, 0x03, 
    0x5a, 0x4e, 0xce, 0x00, 0x00, 0x00, 0x00, 0x49, 0x45, 0x4e, 0x44, 0xae, 
    0x42, 0x60, 0x82, 
};
static const size_t presmode_size = sizeof(presmode_data);

// Datas for settings.png
static const unsigned char settings_data[] = {
    0x89, 0x50, 0x4e, 0x47, 0x0d, 0x0a, 0x1a, 0x0a, 0x00, 0x00, 0x00, 0x0d, 
    0x49, 0x48, 0x44, 0x52, 0x00, 0x00, 0x00, 0x18, 0x00, 0x00, 0x00, 0x18, 
    0x08, 0x06, 0x00, 0x00, 0x00, 0xe0, 0x77, 0x3d, 0xf8, 0x00, 0x00, 0x05, 
    0x13, 0x49, 0x44, 0x41, 0x54, 0x78, 0x9c, 0x9d, 0x55, 0x6d, 0x4c, 0x53, 
    0x67, 0x14, 0x7e, 0x6e, 0x7b, 0x7b, 0xfb, 0xc1, 0x6d, 0xf9, 0x90, 0x35, 
    0x94, 0x14, 0x82, 0x6d, 0xac, 0xd8, 0xa4, 0xa0, 0xac, 0x94, 0xe2, 0xd0, 
    0x62, 0xa0, 0x51, 0xa3, 0x89, 0xfe, 0xb0, 0x9d, 0x33, 0xc4, 0x26, 0xc4, 
    0x91, 0x05, 0xc2, 0x1a, 0x31, 0x1a, 0x10, 0xc7, 0xd5, 0x8d, 0x3f, 0x2a, 
    0x26, 0x0b, 0xd1, 0x38, 0x61, 0x0e, 0xb3, 0xec, 0x57, 0xa3, 0x51, 0x22, 
    0x68, 0x6b, 0x70, 0x35, 0x42, 0xfc, 0x18, 0x2e, 0x06, 0x37, 0x84, 0x11, 
    0x33, 0x51, 0x82, 0x26, 0x58, 0x66, 0x80, 0x4a, 0xa5, 0xa5, 0x9e, 0xfd, 
    0xa0, 0xdd, 0xd4, 0x4c, 0x57, 0x7c, 0x7e, 0x9d, 0xfb, 0xde, 0x93, 0xe7, 
    0x7d, 0xce, 0x39, 0x6f, 0x9e, 0x03, 0x7c, 0x20, 0x3c, 0x1e, 0x8f, 0x38, 
    0x1e, 0x13, 0x11, 0xf3, 0xda, 0x2f, 0xe6, 0x3f, 0xd2, 0x3f, 0x0c, 0x27, 
    0x4f, 0x9e, 0x6c, 0x6a, 0x6e, 0x6e, 0xb6, 0x00, 0x40, 0x7f, 0x7f, 0xff, 
    0xc1, 0x53, 0xa7, 0x4e, 0x15, 0xbd, 0x7d, 0xf9, 0xa2, 0xe1, 0x70, 0x38, 
    0xe4, 0x46, 0xa3, 0x91, 0xeb, 0xeb, 0xeb, 0xfb, 0xce, 0x64, 0x32, 0x51, 
    0x4d, 0x4d, 0xcd, 0xe4, 0xec, 0xec, 0xec, 0x27, 0x95, 0x95, 0x95, 0x94, 
    0x91, 0x91, 0xf1, 0x97, 0x42, 0xa1, 0x28, 0xb0, 0xd9, 0x6c, 0x32, 0x00, 
    0x92, 0x45, 0x93, 0x13, 0x91, 0x28, 0x1e, 0x77, 0x74, 0x74, 0xdc, 0x62, 
    0x59, 0xf6, 0x25, 0x80, 0x79, 0x00, 0x2f, 0x01, 0x3c, 0x5f, 0xb1, 0x62, 
    0x05, 0x1d, 0x39, 0x72, 0x24, 0x0f, 0x00, 0x44, 0x22, 0x11, 0x88, 0x88, 
    0x59, 0x74, 0xbf, 0xf4, 0x7a, 0xfd, 0x7e, 0x95, 0x4a, 0xc5, 0x0d, 0x0d, 
    0x0d, 0xb9, 0xc2, 0xe1, 0x70, 0xce, 0xd6, 0xad, 0x5b, 0xa1, 0xd7, 0xeb, 
    0xe1, 0xf7, 0xfb, 0x71, 0xf7, 0xee, 0x5d, 0x24, 0x25, 0x25, 0xb5, 0xa7, 
    0xa5, 0xa5, 0x8d, 0x8f, 0x8e, 0x8e, 0x7a, 0x01, 0xdc, 0x4e, 0x88, 0x34, 
    0xde, 0xd3, 0xcb, 0x97, 0x2f, 0xb7, 0x1a, 0x0c, 0x06, 0xe2, 0x79, 0x9e, 
    0x14, 0x0a, 0x05, 0x39, 0x9d, 0xce, 0xfe, 0x3b, 0x77, 0xee, 0x94, 0x10, 
    0x51, 0x89, 0xdf, 0xef, 0xff, 0x62, 0xcb, 0x96, 0x2d, 0x11, 0x00, 0xa4, 
    0x54, 0x2a, 0xa9, 0xb4, 0xb4, 0xf4, 0x79, 0x77, 0x77, 0xb7, 0x29, 0x51, 
    0xe1, 0x0c, 0x00, 0x26, 0x18, 0x0c, 0x66, 0x9c, 0x38, 0x71, 0xe2, 0x36, 
    0xcf, 0xf3, 0x73, 0x3a, 0x9d, 0x2e, 0x48, 0x44, 0xfc, 0xeb, 0x49, 0x87, 
    0x0f, 0x1f, 0x6e, 0xd6, 0x68, 0x34, 0x91, 0x65, 0xcb, 0x96, 0x4d, 0x5c, 
    0xb8, 0x70, 0xe1, 0xcb, 0x8e, 0x8e, 0x0e, 0x59, 0xc2, 0xad, 0x71, 0x38, 
    0x1c, 0x62, 0x00, 0xe8, 0xed, 0xed, 0xcd, 0x2e, 0x2c, 0x2c, 0xa4, 0xd2, 
    0xd2, 0xd2, 0x29, 0x22, 0x92, 0x00, 0x10, 0x1f, 0x3f, 0x7e, 0x9c, 0x07, 
    0x20, 0xbe, 0x78, 0xf1, 0xe2, 0xfe, 0xd5, 0xab, 0x57, 0x93, 0x56, 0xab, 
    0xed, 0x7a, 0xa7, 0x52, 0x87, 0xc3, 0xc1, 0x11, 0x11, 0x43, 0x44, 0xcc, 
    0xa5, 0x4b, 0x97, 0xa4, 0x82, 0x20, 0xc8, 0x5c, 0x2e, 0x97, 0x4c, 0x10, 
    0x04, 0xd6, 0xe5, 0x72, 0xc9, 0x96, 0x2e, 0x5d, 0xfa, 0x00, 0x00, 0xf1, 
    0x3c, 0xff, 0x62, 0xf7, 0xee, 0xdd, 0x69, 0x32, 0xd9, 0x82, 0x48, 0x86, 
    0x61, 0xb0, 0x6e, 0xdd, 0xba, 0xe6, 0xa4, 0xa4, 0xa4, 0x08, 0x80, 0xb1, 
    0xba, 0xba, 0xba, 0x5f, 0x86, 0x86, 0x86, 0xcc, 0x6f, 0xb2, 0xc7, 0x66, 
    0x6e, 0x34, 0x1a, 0x39, 0x00, 0x68, 0x68, 0x68, 0xa8, 0x5d, 0xbf, 0x7e, 
    0x7d, 0x68, 0xe3, 0xc6, 0x8d, 0x9d, 0x00, 0xa0, 0xd3, 0xe9, 0x92, 0x01, 
    0xf4, 0x5a, 0x2c, 0x16, 0x02, 0x30, 0x97, 0x9f, 0x9f, 0x1f, 0x6a, 0x6d, 
    0x6d, 0x6d, 0xb7, 0xd9, 0x6c, 0x25, 0x39, 0x39, 0x39, 0xb5, 0x72, 0xb9, 
    0x3c, 0xa2, 0xd5, 0x6a, 0xa9, 0xa8, 0xa8, 0x88, 0xdc, 0x6e, 0x77, 0x84, 
    0x88, 0x3e, 0x8e, 0x73, 0xc7, 0x9f, 0x1f, 0xef, 0x76, 0xbb, 0x0f, 0x12, 
    0x91, 0x94, 0x88, 0xa4, 0x8d, 0x8d, 0x8d, 0x3f, 0xab, 0x54, 0xaa, 0xb9, 
    0xed, 0xdb, 0xb7, 0xff, 0x19, 0x0e, 0x87, 0x0b, 0x01, 0xc0, 0xe7, 0xf3, 
    0xb5, 0x3c, 0x7a, 0xf4, 0x88, 0x9c, 0x4e, 0x67, 0x04, 0x00, 0x01, 0xa0, 
    0x94, 0x94, 0x14, 0x02, 0x40, 0x1a, 0x8d, 0x26, 0xba, 0x67, 0xcf, 0x9e, 
    0xb6, 0x1b, 0x37, 0x6e, 0x08, 0x7b, 0xf7, 0xee, 0x35, 0xc7, 0x87, 0x07, 
    0x00, 0x0c, 0x11, 0x71, 0x76, 0xbb, 0xfd, 0xde, 0xe0, 0xe0, 0xa0, 0x21, 
    0x2f, 0x2f, 0x6f, 0x60, 0x74, 0x74, 0x34, 0x1a, 0x0c, 0x06, 0x0b, 0x9e, 
    0x3d, 0x7b, 0x06, 0x95, 0x4a, 0x05, 0xa5, 0x52, 0xf9, 0x74, 0xe5, 0xca, 
    0x95, 0x0f, 0x94, 0x4a, 0xe5, 0x9a, 0x2b, 0x57, 0xae, 0x44, 0xcb, 0xcb, 
    0xcb, 0xc5, 0xe7, 0xce, 0x9d, 0x43, 0x6e, 0x6e, 0x2e, 0xcc, 0x66, 0xf3, 
    0x8c, 0xcf, 0xe7, 0x53, 0xca, 0x64, 0x32, 0xe8, 0x74, 0xba, 0x7c, 0xaf, 
    0xd7, 0x7b, 0x0f, 0x58, 0xb0, 0x10, 0x36, 0x16, 0x00, 0x00, 0xb3, 0x73, 
    0xe7, 0xce, 0x48, 0x63, 0x63, 0x63, 0xf8, 0xea, 0xd5, 0xab, 0xf9, 0x5a, 
    0xad, 0x16, 0x29, 0x29, 0x29, 0x81, 0x55, 0xab, 0x56, 0xfd, 0x31, 0x36, 
    0x36, 0xb6, 0x24, 0x14, 0x0a, 0xe5, 0x7a, 0xbd, 0x5e, 0x4d, 0x28, 0x14, 
    0x0a, 0x67, 0x67, 0x67, 0x73, 0xc5, 0xc5, 0xc5, 0x83, 0x33, 0x33, 0x33, 
    0xcf, 0xcd, 0x66, 0xf3, 0x8f, 0x07, 0x0e, 0x1c, 0xf8, 0xa9, 0xa1, 0xa1, 
    0xa1, 0x7b, 0x70, 0x70, 0x50, 0xb2, 0x79, 0xf3, 0x66, 0xb6, 0xb2, 0xb2, 
    0x92, 0xeb, 0xe9, 0xe9, 0x21, 0x86, 0x61, 0x22, 0x6f, 0xb4, 0xe8, 0xf4, 
    0xe9, 0xd3, 0xc6, 0xb2, 0xb2, 0x32, 0x62, 0x59, 0x76, 0xba, 0xb6, 0xb6, 
    0xf6, 0x6b, 0x22, 0xb2, 0xc6, 0x04, 0x7c, 0xd4, 0xde, 0xde, 0xde, 0x24, 
    0x16, 0x8b, 0x47, 0xe4, 0x72, 0x79, 0xd4, 0xe9, 0x74, 0x76, 0x11, 0x91, 
    0x3c, 0xd1, 0x17, 0x88, 0x91, 0x91, 0x11, 0x29, 0x11, 0xc9, 0x35, 0x1a, 
    0x8d, 0x1d, 0x00, 0xed, 0xdb, 0xb7, 0x2f, 0x20, 0x16, 0x2f, 0xf8, 0x95, 
    0xcd, 0x66, 0x63, 0xe3, 0xad, 0x3c, 0x73, 0xe6, 0x4c, 0xb7, 0x44, 0x22, 
    0xa1, 0x8a, 0x8a, 0x8a, 0xdf, 0x89, 0xa8, 0xa0, 0xaf, 0xaf, 0x4f, 0x29, 
    0x08, 0x02, 0x0b, 0x00, 0x82, 0x20, 0xb0, 0x36, 0x9b, 0x8d, 0x7d, 0xcb, 
    0x59, 0x17, 0x50, 0x58, 0x58, 0x58, 0x9f, 0x95, 0x95, 0x35, 0xcd, 0xf3, 
    0x7c, 0x40, 0x26, 0x93, 0xd1, 0xda, 0xb5, 0x6b, 0xed, 0x1e, 0x8f, 0x87, 
    0x13, 0x04, 0x81, 0x8b, 0x55, 0x20, 0x12, 0x04, 0x81, 0x1b, 0x1e, 0x1e, 
    0x4e, 0xcf, 0xcc, 0xcc, 0x9c, 0x4d, 0x4d, 0x4d, 0xa5, 0xac, 0xac, 0xac, 
    0x39, 0x93, 0xc9, 0xe4, 0x8b, 0x51, 0xb0, 0xef, 0x12, 0x2f, 0x02, 0x00, 
    0xad, 0x56, 0x9b, 0x6a, 0xb5, 0x5a, 0x95, 0x6a, 0xb5, 0x7a, 0x89, 0x44, 
    0x22, 0xc1, 0xf5, 0xeb, 0xd7, 0x9f, 0x3a, 0x9d, 0xce, 0xf9, 0xae, 0xae, 
    0xae, 0x85, 0xe1, 0x30, 0xcc, 0xab, 0xfb, 0xf7, 0xef, 0x47, 0x73, 0x73, 
    0x73, 0x03, 0xc1, 0x60, 0x90, 0x18, 0x86, 0x81, 0xc9, 0x64, 0xe2, 0xf4, 
    0x7a, 0x7d, 0x66, 0x4c, 0xfd, 0xfb, 0x5b, 0xf4, 0xf0, 0xe1, 0xc3, 0x9c, 
    0xe1, 0xe1, 0xe1, 0x12, 0x8b, 0xc5, 0x52, 0x03, 0x80, 0xb6, 0x6d, 0xdb, 
    0x76, 0x4b, 0x22, 0xf9, 0xc7, 0x6d, 0xb9, 0xb8, 0xc2, 0xb6, 0xb6, 0xb6, 
    0x6f, 0xa5, 0x52, 0x69, 0x34, 0x3d, 0x3d, 0xfd, 0x87, 0x6b, 0xd7, 0xae, 
    0xad, 0x19, 0x18, 0x18, 0x28, 0x88, 0x55, 0x98, 0x98, 0x69, 0xde, 0xbc, 
    0x79, 0x33, 0xc7, 0x6e, 0xb7, 0x93, 0x42, 0xa1, 0x98, 0x2f, 0x2f, 0x2f, 
    0x2f, 0x23, 0xa2, 0xb4, 0x38, 0x41, 0x75, 0x75, 0x75, 0x49, 0x72, 0x72, 
    0xf2, 0x6f, 0x06, 0x83, 0x81, 0xea, 0xeb, 0xeb, 0xab, 0x13, 0x22, 0x8c, 
    0x2b, 0xf3, 0x78, 0x3c, 0x62, 0x87, 0xc3, 0x21, 0x69, 0x6a, 0x6a, 0xfa, 
    0x6a, 0x62, 0x62, 0x22, 0x3a, 0x3b, 0x3b, 0xfb, 0x6a, 0x60, 0x60, 0xa0, 
    0xc7, 0x6c, 0x36, 0xff, 0x0a, 0xa0, 0x6b, 0xf9, 0xf2, 0xe5, 0x06, 0x86, 
    0x61, 0x3e, 0x9b, 0x9a, 0x9a, 0x02, 0xcb, 0xb2, 0x91, 0x40, 0x20, 0xf0, 
    0xe9, 0xd9, 0xb3, 0x67, 0xbd, 0x93, 0x93, 0x93, 0x63, 0x4f, 0x9e, 0x3c, 
    0x89, 0x1e, 0x3a, 0x74, 0xe8, 0xd5, 0xff, 0xde, 0x34, 0x3e, 0x3e, 0xae, 
    0xd8, 0xb4, 0x69, 0x13, 0x49, 0xa5, 0x52, 0xda, 0xb5, 0x6b, 0xd7, 0xbc, 
    0xc5, 0x62, 0x99, 0x06, 0x40, 0x1c, 0xc7, 0x11, 0x00, 0x52, 0xab, 0xd5, 
    0xd3, 0x75, 0x75, 0x75, 0x21, 0x9e, 0xe7, 0xc9, 0x6a, 0xb5, 0xd2, 0xd1, 
    0xa3, 0x47, 0x4b, 0x81, 0x7f, 0x4d, 0xf0, 0xbd, 0x10, 0x04, 0x41, 0x14, 
    0x4b, 0x36, 0x75, 0x76, 0x76, 0xf6, 0x06, 0x02, 0x01, 0xcb, 0xe3, 0xc7, 
    0x8f, 0xe5, 0x3b, 0x76, 0xec, 0x10, 0xd4, 0x6a, 0xf5, 0x0b, 0xbd, 0x5e, 
    0xef, 0x3b, 0x76, 0xec, 0x98, 0x9c, 0x88, 0x54, 0xe7, 0xcf, 0x9f, 0xef, 
    0x75, 0xbb, 0xdd, 0x9f, 0x03, 0x60, 0xaa, 0xaa, 0xaa, 0x16, 0xbf, 0x16, 
    0x5f, 0x47, 0x4b, 0x4b, 0xcb, 0x37, 0x15, 0x15, 0x15, 0x54, 0x55, 0x55, 
    0x75, 0x2b, 0x76, 0xb4, 0xe8, 0x0d, 0x28, 0x7a, 0xeb, 0x9b, 0xf1, 0xfb, 
    0xfd, 0x6c, 0x7c, 0x83, 0x15, 0x17, 0x17, 0x7f, 0xbf, 0x61, 0xc3, 0x06, 
    0x9b, 0x46, 0xa3, 0xa9, 0x02, 0x16, 0x2c, 0xc5, 0xef, 0xf7, 0xb3, 0xf1, 
    0x8a, 0x13, 0xc1, 0xdf, 0x29, 0xe7, 0x1c, 0x6f, 0xa1, 0x12, 0x59, 0xfb, 
    0x00, 0x00, 0x00, 0x00, 0x49, 0x45, 0x4e, 0x44, 0xae, 0x42, 0x60, 0x82, 
    
};
static const size_t settings_size = sizeof(settings_data);

// Datas for times.png
static const unsigned char times_data[] = {
    0x89, 0x50, 0x4e, 0x47, 0x0d, 0x0a, 0x1a, 0x0a, 0x00, 0x00, 0x00, 0x0d, 
    0x49, 0x48, 0x44, 0x52, 0x00, 0x00, 0x00, 0x40, 0x00, 0x00, 0x00, 0x40, 
    0x01, 0x03, 0x00, 0x00, 0x00, 0x90, 0xa7, 0xe3, 0x9d, 0x00, 0x00, 0x00, 
    0x06, 0x50, 0x4c, 0x54, 0x45, 0xff, 0xff, 0xff, 0x00, 0x00, 0x00, 0x55, 
    0xc2, 0xd3, 0x7e, 0x00, 0x00, 0x00, 0x01, 0x74, 0x52, 0x4e, 0x53, 0x00, 
    0x40, 0xe6, 0xd8, 0x66, 0x00, 0x00, 0x00, 0x09, 0x70, 0x48, 0x59, 0x73, 
    0x00, 0x00, 0x0b, 0x13, 0x00, 0x00, 0x0b, 0x13, 0x01, 0x00, 0x9a, 0x9c, 
    0x18, 0x00, 0x00, 0x00, 0xc4, 0x49, 0x44, 0x41, 0x54, 0x78, 0x5e, 0x95, 
    0xd1, 0x41, 0x6a, 0x05, 0x21, 0x0c, 0x80, 0xe1, 0x5f, 0x84, 0xba, 0x79, 
    0xd4, 0x0b, 0x94, 0x7a, 0x8d, 0x59, 0x0c, 0x9d, 0x2b, 0x75, 0xe9, 0xa2, 
    0x74, 0xbc, 0x59, 0x3d, 0x8a, 0x47, 0x70, 0xf9, 0x16, 0x8f, 0xb1, 0x24, 
    0xc4, 0xce, 0xa3, 0xd0, 0x07, 0x0d, 0x28, 0x9f, 0x21, 0x88, 0x89, 0x3c, 
    0x8e, 0xd4, 0x0c, 0xdb, 0x0f, 0xba, 0x61, 0x3f, 0xf1, 0xbb, 0x26, 0xd6, 
    0x07, 0xb8, 0xcc, 0x7b, 0x9e, 0x15, 0x7e, 0x1c, 0xa9, 0x08, 0xe2, 0x18, 
    0x5f, 0x5a, 0x95, 0xc6, 0x18, 0x9a, 0xd9, 0x4b, 0x18, 0x08, 0x0e, 0x9c, 
    0xc2, 0x5d, 0xe1, 0x53, 0xe0, 0x1b, 0x6c, 0x82, 0x50, 0x21, 0x16, 0x74, 
    0x23, 0x08, 0x12, 0xe0, 0x2b, 0xf0, 0x6a, 0x75, 0xbc, 0x01, 0x4e, 0xb0, 
    0x82, 0xa7, 0x03, 0x1f, 0xf0, 0xa4, 0xc8, 0x70, 0x21, 0x2b, 0x78, 0x51, 
    0x74, 0x58, 0x26, 0xde, 0x27, 0x1a, 0x0b, 0xb8, 0x4e, 0x68, 0xac, 0x8a, 
    0x58, 0xff, 0x46, 0x31, 0x04, 0x04, 0x74, 0x80, 0x65, 0x22, 0xdf, 0x23, 
    0x9f, 0xb0, 0xf4, 0x7a, 0x0f, 0xd7, 0xcf, 0xc7, 0x5b, 0x5f, 0x82, 0x68, 
    0x6d, 0x13, 0x8b, 0x2c, 0x3b, 0x25, 0x00, 0xdf, 0x61, 0x9b, 0x83, 0x3a, 
    0x6c, 0x74, 0xfe, 0xaa, 0xd8, 0x6b, 0xec, 0xd8, 0x78, 0x9b, 0x22, 0xd8, 
    0x98, 0x71, 0xe3, 0x76, 0x7e, 0xf7, 0x3f, 0xe3, 0x1b, 0x60, 0xa6, 0x54, 
    0x43, 0x1b, 0x2e, 0x42, 0xcf, 0x00, 0x00, 0x00, 0x00, 0x49, 0x45, 0x4e, 
    0x44, 0xae, 0x42, 0x60, 0x82, 
};
static const size_t times_size = sizeof(times_data);

// Datas for transparent_icon.png
static const unsigned char transparent_icon_data[] = {
    0x89, 0x50, 0x4e, 0x47, 0x0d, 0x0a, 0x1a, 0x0a, 0x00, 0x00, 0x00, 0x0d, 
    0x49, 0x48, 0x44, 0x52, 0x00, 0x00, 0x00, 0x42, 0x00, 0x00, 0x00, 0x42, 
    0x01, 0x03, 0x00, 0x00, 0x00, 0xd9, 0x9a, 0x92, 0xab, 0x00, 0x00, 0x00, 
    0x06, 0x50, 0x4c, 0x54, 0x45, 0xff, 0xff, 0xff, 0x00, 0x00, 0x00, 0x55, 
    0xc2, 0xd3, 0x7e, 0x00, 0x00, 0x00, 0x02, 0x74, 0x52, 0x4e, 0x53, 0xff, 
    0x00, 0xe5, 0xb7, 0x30, 0x4a, 0x00, 0x00, 0x00, 0x09, 0x70, 0x48, 0x59, 
    0x73, 0x00, 0x00, 0x2e, 0x23, 0x00, 0x00, 0x2e, 0x23, 0x01, 0x78, 0xa5, 
    0x3f, 0x76, 0x00, 0x00, 0x00, 0x13, 0x49, 0x44, 0x41, 0x54, 0x28, 0x15, 
    0x63, 0xf8, 0x0f, 0x05, 0x07, 0x06, 0x07, 0x6b, 0x94, 0x35, 0xca, 0x02, 
    0x00, 0x35, 0x66, 0x3f, 0x8f, 0x2c, 0xf2, 0x51, 0x27, 0x00, 0x00, 0x00, 
    0x00, 0x49, 0x45, 0x4e, 0x44, 0xae, 0x42, 0x60, 0x82, 
};
static const size_t transparent_icon_size = sizeof(transparent_icon_data);

// Datas for uncharge.png
static const unsigned char uncharge_data[] = {
    0x89, 0x50, 0x4e, 0x47, 0x0d, 0x0a, 0x1a, 0x0a, 0x00, 0x00, 0x00, 0x0d, 
    0x49, 0x48, 0x44, 0x52, 0x00, 0x00, 0x00, 0x40, 0x00, 0x00, 0x00, 0x40, 
    0x01, 0x03, 0x00, 0x00, 0x00, 0x90, 0xa7, 0xe3, 0x9d, 0x00, 0x00, 0x00, 
    0x06, 0x50, 0x4c, 0x54, 0x45, 0xff, 0xff, 0xff, 0x71, 0x71, 0x71, 0x11, 
    0xd7, 0xd8, 0x04, 0x00, 0x00, 0x00, 0x01, 0x74, 0x52, 0x4e, 0x53, 0x00, 
    0x40, 0xe6, 0xd8, 0x66, 0x00, 0x00, 0x00, 0x09, 0x70, 0x48, 0x59, 0x73, 
    0x00, 0x00, 0x0b, 0x13, 0x00, 0x00, 0x0b, 0x13, 0x01, 0x00, 0x9a, 0x9c, 
    0x18, 0x00, 0x00, 0x00, 0xb0, 0x49, 0x44, 0x41, 0x54, 0x78, 0x5e, 0x95, 
    0xcf, 0x31, 0x0a, 0xc3, 0x30, 0x0c, 0x05, 0x50, 0x8b, 0x40, 0xdd, 0xa9, 
    0xe9, 0xd8, 0x21, 0xc4, 0x67, 0xe8, 0x1e, 0x9a, 0x6b, 0x79, 0x08, 0xc1, 
    0x99, 0x3a, 0xe6, 0x4a, 0x3e, 0x8a, 0x4b, 0x2e, 0xa0, 0x6e, 0x1e, 0x4a, 
    0x5d, 0xb0, 0xf4, 0x3b, 0x64, 0x8b, 0xa6, 0x07, 0xe2, 0xeb, 0x23, 0x73, 
    0x7c, 0x82, 0x82, 0x80, 0x06, 0x1b, 0x0b, 0x9c, 0x80, 0x0b, 0xd0, 0x03, 
    0x03, 0x30, 0x01, 0x1f, 0x20, 0x2b, 0x08, 0x68, 0x00, 0xcb, 0x8a, 0x56, 
    0x71, 0x75, 0x8a, 0xce, 0x25, 0x2d, 0x18, 0x15, 0x76, 0x15, 0x10, 0x6d, 
    0x51, 0x10, 0x59, 0x91, 0x50, 0xee, 0x9d, 0x2b, 0xa1, 0xa6, 0xec, 0xb3, 
    0xc8, 0x61, 0x7a, 0x7d, 0xa5, 0x33, 0xe6, 0xb9, 0xe2, 0xce, 0x43, 0x57, 
    0xe1, 0xbd, 0x3b, 0x57, 0xcc, 0xbd, 0x95, 0x43, 0x65, 0x5d, 0x6a, 0x07, 
    0x95, 0x2d, 0xe6, 0x1a, 0x2a, 0x6f, 0x7e, 0xe0, 0xaf, 0x56, 0x60, 0x7b, 
    0x1b, 0x04, 0xeb, 0xa2, 0xd8, 0x92, 0x7e, 0x91, 0x19, 0xf0, 0x0a, 0xbe, 
    0x09, 0x5c, 0x32, 0x8a, 0x08, 0x04, 0xc5, 0x68, 0xf6, 0x98, 0x81, 0x09, 
    0xf0, 0x00, 0x03, 0x69, 0x0f, 0x8a, 0x40, 0x00, 0xcc, 0x1f, 0x87, 0xe7, 
    0x07, 0x0d, 0x54, 0x39, 0x20, 0xd5, 0x19, 0x31, 0x4e, 0x00, 0x00, 0x00, 
    0x00, 0x49, 0x45, 0x4e, 0x44, 0xae, 0x42, 0x60, 0x82, 
};
static const size_t uncharge_size = sizeof(uncharge_data);

// Datas for warn.png
static const unsigned char warn_data[] = {
    0x89, 0x50, 0x4e, 0x47, 0x0d, 0x0a, 0x1a, 0x0a, 0x00, 0x00, 0x00, 0x0d, 
    0x49, 0x48, 0x44, 0x52, 0x00, 0x00, 0x00, 0x18, 0x00, 0x00, 0x00, 0x18, 
    0x08, 0x06, 0x00, 0x00, 0x00, 0xe0, 0x77, 0x3d, 0xf8, 0x00, 0x00, 0x01, 
    0xad, 0x49, 0x44, 0x41, 0x54, 0x78, 0x9c, 0xed, 0x93, 0xbf, 0x6a, 0x14, 
    0x51, 0x18, 0xc5, 0xcf, 0x77, 0xef, 0x9d, 0x71, 0x48, 0x76, 0x67, 0xe3, 
    0x84, 0xb8, 0x3e, 0x40, 0x9a, 0x58, 0x09, 0x0b, 0x21, 0x84, 0x20, 0xe4, 
    0x21, 0xac, 0x24, 0x36, 0x22, 0xdb, 0xb8, 0x0b, 0x89, 0x0f, 0xa0, 0x60, 
    0x29, 0x58, 0x59, 0xad, 0x3e, 0xc1, 0x56, 0x16, 0x31, 0x0a, 0x82, 0x90, 
    0x2a, 0xd5, 0x14, 0x42, 0x1a, 0x3b, 0xb1, 0xb2, 0xd2, 0x10, 0x77, 0xa3, 
    0x9b, 0x3b, 0xf7, 0x3b, 0x29, 0x4c, 0x61, 0x34, 0xb3, 0x3b, 0x81, 0x88, 
    0x22, 0xf9, 0xc1, 0x6d, 0x6e, 0xf1, 0x9d, 0xf3, 0xbb, 0x7f, 0x80, 0x0b, 
    0x2e, 0xf8, 0xbf, 0x60, 0xff, 0xa6, 0x25, 0x21, 0x7f, 0xbb, 0xc7, 0xd9, 
    0xe1, 0x03, 0x18, 0x00, 0xf0, 0x9b, 0x8b, 0xab, 0xdc, 0xba, 0x3e, 0x07, 
    0x00, 0x55, 0x4d, 0xcc, 0xc4, 0xe1, 0x84, 0xe0, 0x21, 0xc8, 0x17, 0xcb, 
    0x75, 0x97, 0xd8, 0xb7, 0x8a, 0x68, 0x1d, 0x00, 0xd0, 0x6b, 0xb9, 0x73, 
    0x09, 0x40, 0xaf, 0xe5, 0x44, 0x40, 0x6f, 0x8a, 0x0d, 0x34, 0x1c, 0x8c, 
    0x31, 0x77, 0xf6, 0xfa, 0x4b, 0x19, 0xda, 0x79, 0x51, 0xc5, 0x62, 0x6c, 
    0x00, 0x09, 0x41, 0x3b, 0x2f, 0xf6, 0xfa, 0x4b, 0x59, 0x94, 0x48, 0xf7, 
    0xfd, 0xee, 0x50, 0x0b, 0x6b, 0xae, 0x34, 0x66, 0xd0, 0x11, 0x80, 0x55, 
    0x2c, 0xc6, 0x1b, 0xf4, 0x5a, 0x4e, 0x00, 0x36, 0xa6, 0xb4, 0x83, 0x34, 
    0xce, 0xee, 0x3e, 0xfd, 0x18, 0x5e, 0xee, 0xec, 0x03, 0x89, 0xe9, 0xee, 
    0x3e, 0xbb, 0x56, 0xc9, 0xa2, 0x34, 0xe0, 0xe7, 0xf6, 0x6a, 0xd0, 0xc5, 
    0x20, 0x50, 0x95, 0x6e, 0x38, 0x0a, 0x1e, 0x35, 0x97, 0xcd, 0x37, 0x6b, 
    0x95, 0x2c, 0xca, 0x0d, 0x8e, 0xdb, 0xd7, 0x6a, 0xda, 0x31, 0x69, 0x94, 
    0x41, 0x59, 0x4c, 0x27, 0x56, 0xe2, 0xc8, 0x38, 0x0c, 0x03, 0xad, 0x45, 
    0x97, 0xaf, 0x27, 0xdf, 0xc5, 0xa9, 0x01, 0x24, 0x44, 0xda, 0xb9, 0xe7, 
    0xe6, 0xca, 0x65, 0x11, 0xe9, 0xe8, 0x20, 0x10, 0xaa, 0xf6, 0xd1, 0xad, 
    0xab, 0xbc, 0xb1, 0x30, 0x05, 0x1c, 0x04, 0x6f, 0xd3, 0x28, 0x0b, 0xaa, 
    0xf7, 0x26, 0x59, 0x9c, 0x6e, 0xd0, 0x6b, 0x39, 0x12, 0xa2, 0xe6, 0x70, 
    0xc3, 0xcc, 0x44, 0xb3, 0x50, 0x02, 0xd6, 0x98, 0xe7, 0x6f, 0xbe, 0xc8, 
    0xbb, 0x0f, 0x23, 0x41, 0x62, 0x62, 0xf9, 0x16, 0x00, 0x91, 0xfb, 0xdc, 
    0x5a, 0x99, 0x93, 0x76, 0xee, 0xcb, 0x2c, 0x7e, 0x4b, 0x26, 0x21, 0x22, 
    0xb9, 0x67, 0x73, 0xb9, 0xce, 0xb8, 0x58, 0xc3, 0xd7, 0x62, 0x9f, 0x04, 
    0xc3, 0xa1, 0xca, 0xe3, 0xdb, 0x4d, 0x5c, 0x72, 0x02, 0x3d, 0x08, 0xa0, 
    0xb2, 0xb0, 0x69, 0x1c, 0x85, 0xc1, 0x68, 0x0d, 0xc0, 0x93, 0x1f, 0x16, 
    0xb9, 0xff, 0x75, 0x5e, 0xe9, 0xd9, 0x91, 0x10, 0xbc, 0x5a, 0xac, 0x9f, 
    0xd8, 0x9c, 0x07, 0xf0, 0xf9, 0x78, 0xa5, 0x8e, 0x98, 0x05, 0xf0, 0x29, 
    0xf2, 0xb2, 0xba, 0xfd, 0xbd, 0x6c, 0xce, 0x1f, 0x67, 0xec, 0x1b, 0xae, 
    0xf2, 0x53, 0x45, 0xc0, 0xf3, 0xab, 0xf3, 0x2f, 0x72, 0x04, 0x73, 0xa3, 
    0xb8, 0x0c, 0xfb, 0xd5, 0x35, 0x26, 0x00, 0x00, 0x00, 0x00, 0x49, 0x45, 
    0x4e, 0x44, 0xae, 0x42, 0x60, 0x82, 
};
static const size_t warn_size = sizeof(warn_data);

// Datas for yabatman.png
static const unsigned char yabatman_data[] = {
    0x89, 0x50, 0x4e, 0x47, 0x0d, 0x0a, 0x1a, 0x0a, 0x00, 0x00, 0x00, 0x0d, 
    0x49, 0x48, 0x44, 0x52, 0x00, 0x00, 0x00, 0x40, 0x00, 0x00, 0x00, 0x40, 
    0x04, 0x03, 0x00, 0x00, 0x00, 0x58, 0x47, 0x6c, 0xed, 0x00, 0x00, 0x00, 
    0x0f, 0x50, 0x4c, 0x54, 0x45, 0x00, 0x00, 0x00, 0x5b, 0x66, 0x6d, 0x2a, 
    0x31, 0x37, 0x5a, 0xb3, 0x56, 0xff, 0xff, 0xff, 0xb9, 0x49, 0x25, 0x0f, 
    0x00, 0x00, 0x00, 0x01, 0x74, 0x52, 0x4e, 0x53, 0x00, 0x40, 0xe6, 0xd8, 
    0x66, 0x00, 0x00, 0x00, 0x09, 0x70, 0x48, 0x59, 0x73, 0x00, 0x00, 0x0b, 
    0x13, 0x00, 0x00, 0x0b, 0x13, 0x01, 0x00, 0x9a, 0x9c, 0x18, 0x00, 0x00, 
    0x00, 0x8d, 0x49, 0x44, 0x41, 0x54, 0x78, 0x5e, 0xed, 0xd2, 0xc1, 0x0d, 
    0xc2, 0x30, 0x0c, 0x46, 0x61, 0xe4, 0x0d, 0xcc, 0x04, 0xe9, 0x53, 0x37, 
    0x80, 0x09, 0x22, 0xef, 0x3f, 0x13, 0x07, 0x0b, 0x45, 0x81, 0x5f, 0x90, 
    0x94, 0x22, 0x81, 0xd4, 0x77, 0xca, 0xe1, 0xbb, 0xd8, 0xce, 0x69, 0x34, 
    0x7a, 0x60, 0xe5, 0x01, 0x18, 0xa5, 0xf7, 0xcc, 0x03, 0x3a, 0xff, 0x2d, 
    0x60, 0x64, 0x1a, 0x50, 0x0c, 0xee, 0x02, 0x01, 0xba, 0xfe, 0x1c, 0x1c, 
    0x60, 0x8d, 0x06, 0xd6, 0x90, 0x20, 0x2a, 0x59, 0xc4, 0x26, 0x40, 0xa4, 
    0xc8, 0x87, 0x02, 0x34, 0x50, 0x7f, 0x75, 0x51, 0x0b, 0x2d, 0x16, 0x05, 
    0xdc, 0xcf, 0x64, 0xee, 0xae, 0x41, 0x12, 0xf7, 0xcd, 0x20, 0x85, 0xbf, 
    0x02, 0xad, 0xc9, 0x31, 0x0d, 0x59, 0xf9, 0x18, 0xd0, 0x00, 0x21, 0xaa, 
    0x73, 0xe0, 0xf2, 0xd4, 0x75, 0x0f, 0xc0, 0x5b, 0xc0, 0x18, 0x38, 0xc0, 
    0xae, 0xc7, 0x12, 0xcd, 0x01, 0xdd, 0xc0, 0xaf, 0x1e, 0xe9, 0x06, 0xe2, 
    0xa6, 0xb8, 0xd7, 0x37, 0x53, 0x47, 0x27, 0x00, 0x00, 0x00, 0x00, 0x49, 
    0x45, 0x4e, 0x44, 0xae, 0x42, 0x60, 0x82, 
};
static const size_t yabatman_size = sizeof(yabatman_data);

// Datas for yabatman_ac.png
static const unsigned char yabatman_ac_data[] = {
    0x89, 0x50, 0x4e, 0x47, 0x0d, 0x0a, 0x1a, 0x0a, 0x00, 0x00, 0x00, 0x0d, 
    0x49, 0x48, 0x44, 0x52, 0x00, 0x00, 0x00, 0x30, 0x00, 0x00, 0x00, 0x30, 
    0x04, 0x03, 0x00, 0x00, 0x00, 0xa5, 0x2c, 0xe4, 0xb4, 0x00, 0x00, 0x00, 
    0x18, 0x50, 0x4c, 0x54, 0x45, 0x00, 0x00, 0x00, 0x34, 0x34, 0x48, 0x53, 
    0x55, 0x63, 0x95, 0xa2, 0x95, 0xb0, 0xb8, 0xac, 0xcd, 0xd3, 0xde, 0xff, 
    0xff, 0xff, 0x20, 0x1e, 0x2f, 0x88, 0x01, 0x4b, 0x71, 0x00, 0x00, 0x00, 
    0x01, 0x74, 0x52, 0x4e, 0x53, 0x00, 0x40, 0xe6, 0xd8, 0x66, 0x00, 0x00, 
    0x00, 0x09, 0x70, 0x48, 0x59, 0x73, 0x00, 0x00, 0x0b, 0x13, 0x00, 0x00, 
    0x0b, 0x13, 0x01, 0x00, 0x9a, 0x9c, 0x18, 0x00, 0x00, 0x00, 0xc7, 0x49, 
    0x44, 0x41, 0x54, 0x78, 0x5e, 0xd5, 0x8f, 0xb1, 0xaa, 0x02, 0x31, 0x10, 
    0x45, 0x87, 0x35, 0x68, 0xfb, 0xc6, 0x26, 0xad, 0x6f, 0x44, 0xd2, 0x0b, 
    0xfe, 0x40, 0xb2, 0xac, 0x3f, 0xb0, 0xfe, 0x80, 0x84, 0xd4, 0x89, 0xcd, 
    0xfc, 0xbe, 0xee, 0x12, 0x8b, 0x4c, 0x0c, 0x28, 0xa8, 0xe0, 0x2d, 0xcf, 
    0xe1, 0xde, 0x49, 0xe0, 0x2b, 0x59, 0x35, 0x45, 0x7c, 0x9f, 0xe0, 0x57, 
    0x05, 0x70, 0x7c, 0x52, 0x30, 0x67, 0x22, 0xb7, 0x12, 0x6a, 0xce, 0x42, 
    0x18, 0xc0, 0x5c, 0xe1, 0xea, 0x8a, 0xbe, 0x6f, 0xc5, 0xc6, 0x4b, 0x9b, 
    0x02, 0xe0, 0x73, 0x82, 0xb9, 0x55, 0x88, 0xad, 0x42, 0x6c, 0x14, 0x92, 
    0x44, 0x84, 0xc8, 0x53, 0xfe, 0x4a, 0xdc, 0x11, 0xd1, 0xbf, 0x66, 0x96, 
    0xa7, 0x17, 0x44, 0x93, 0x61, 0x79, 0xc1, 0xd1, 0x1c, 0xcc, 0x85, 0x8a, 
    0x6b, 0x51, 0x50, 0x99, 0x57, 0x05, 0x35, 0xba, 0x99, 0x6b, 0x29, 0x16, 
    0xc3, 0xa9, 0xdf, 0x13, 0xea, 0xea, 0x74, 0xef, 0x0f, 0xa3, 0xdb, 0x1b, 
    0x96, 0x22, 0x78, 0xb3, 0x73, 0x3d, 0xb1, 0xfc, 0xc4, 0xd2, 0x1b, 0xd8, 
    0x0e, 0x9e, 0x0c, 0x72, 0x2a, 0x78, 0x30, 0x1b, 0x50, 0xc1, 0xae, 0x0d, 
    0x22, 0x14, 0x43, 0xc7, 0x08, 0x43, 0x38, 0x32, 0xea, 0x92, 0xc3, 0xd9, 
    0x42, 0x1f, 0xec, 0xa5, 0x4b, 0x08, 0x32, 0xea, 0xc6, 0x25, 0xcb, 0xa5, 
    0x06, 0x07, 0x0b, 0xbf, 0x9d, 0x2b, 0xf4, 0x3f, 0x3c, 0xe8, 0xd1, 0x71, 
    0xb7, 0x66, 0x00, 0x00, 0x00, 0x00, 0x49, 0x45, 0x4e, 0x44, 0xae, 0x42, 
    0x60, 0x82, 
};
static const size_t yabatman_ac_size = sizeof(yabatman_ac_data);

// Datas for yabatman_bat.png
static const unsigned char yabatman_bat_data[] = {
    0x89, 0x50, 0x4e, 0x47, 0x0d, 0x0a, 0x1a, 0x0a, 0x00, 0x00, 0x00, 0x0d, 
    0x49, 0x48, 0x44, 0x52, 0x00, 0x00, 0x00, 0x30, 0x00, 0x00, 0x00, 0x30, 
    0x04, 0x03, 0x00, 0x00, 0x00, 0xa5, 0x2c, 0xe4, 0xb4, 0x00, 0x00, 0x00, 
    0x2a, 0x50, 0x4c, 0x54, 0x45, 0x00, 0x00, 0x00, 0xa8, 0xee, 0xac, 0x49, 
    0xb9, 0x50, 0xe4, 0xf7, 0xe9, 0x26, 0x9b, 0x2b, 0x7c, 0xdf, 0x85, 0xc4, 
    0xc8, 0xd4, 0x68, 0x68, 0x7c, 0xff, 0xff, 0xff, 0x0f, 0x77, 0x12, 0xca, 
    0xf8, 0xce, 0x95, 0xa2, 0x95, 0x5a, 0xcc, 0x61, 0x0b, 0x57, 0x0c, 0x7d, 
    0x6a, 0x98, 0xa2, 0x00, 0x00, 0x00, 0x01, 0x74, 0x52, 0x4e, 0x53, 0x00, 
    0x40, 0xe6, 0xd8, 0x66, 0x00, 0x00, 0x00, 0x09, 0x70, 0x48, 0x59, 0x73, 
    0x00, 0x00, 0x0b, 0x13, 0x00, 0x00, 0x0b, 0x13, 0x01, 0x00, 0x9a, 0x9c, 
    0x18, 0x00, 0x00, 0x00, 0xf3, 0x49, 0x44, 0x41, 0x54, 0x78, 0x5e, 0xbd, 
    0xcd, 0x21, 0x8f, 0xc2, 0x30, 0x18, 0xc7, 0xe1, 0x85, 0x2c, 0x28, 0xcc, 
    0x42, 0x66, 0x96, 0x09, 0x42, 0x66, 0xd0, 0x6f, 0x6e, 0x21, 0x48, 0x52, 
    0x53, 0x81, 0x28, 0x5c, 0x1d, 0xe6, 0x42, 0xb2, 0x90, 0x0c, 0x75, 0xa6, 
    0xe2, 0x64, 0x4d, 0x25, 0x76, 0x62, 0xe2, 0x2c, 0x0a, 0xcc, 0x30, 0x18, 
    0x26, 0x50, 0x13, 0x7c, 0x81, 0x7d, 0x97, 0xeb, 0x36, 0x73, 0xdd, 0x06, 
    0x0c, 0xb2, 0xf0, 0x93, 0xef, 0x93, 0x7f, 0x5e, 0xed, 0x71, 0x5d, 0x00, 
    0xf0, 0xea, 0x60, 0x2d, 0x04, 0x17, 0xfb, 0x0a, 0x74, 0xe8, 0x4a, 0x08, 
    0xf0, 0xbf, 0x9d, 0xf2, 0xbd, 0x0f, 0x2b, 0xe1, 0x7a, 0x8c, 0xfd, 0x7c, 
    0xaa, 0x70, 0xe1, 0xde, 0x98, 0xbb, 0xde, 0x91, 0xb1, 0xc3, 0x40, 0x19, 
    0x2c, 0x38, 0xc8, 0x41, 0xe4, 0x1f, 0x23, 0x7f, 0xf4, 0x1f, 0x7a, 0x04, 
    0x84, 0x84, 0xac, 0xcd, 0x4c, 0x59, 0x9c, 0x2d, 0x80, 0x0c, 0xbe, 0x4e, 
    0x28, 0x55, 0x16, 0x67, 0x43, 0x66, 0x52, 0x1a, 0xe3, 0x40, 0x05, 0x62, 
    0xc1, 0xc4, 0xa0, 0xc9, 0x30, 0x08, 0xca, 0xb0, 0x93, 0x30, 0x47, 0xb8, 
    0x0a, 0x16, 0xec, 0xcc, 0x18, 0xa1, 0xe6, 0x60, 0xbc, 0x02, 0xbf, 0xcf, 
    0x01, 0x79, 0x1f, 0xe0, 0x3a, 0x30, 0xec, 0x5b, 0xb0, 0x7c, 0x03, 0x24, 
    0x39, 0x84, 0x2d, 0x80, 0x5d, 0x40, 0xda, 0x02, 0x2c, 0x9f, 0x85, 0x8f, 
    0x3b, 0x30, 0x94, 0x10, 0x36, 0x84, 0x0e, 0xb1, 0xe8, 0x6d, 0x88, 0x9d, 
    0x7b, 0x90, 0x36, 0x04, 0x9d, 0x98, 0x54, 0xbe, 0x40, 0x38, 0x2c, 0x81, 
    0x36, 0xcd, 0xc0, 0xc9, 0xe1, 0xaa, 0x80, 0x8e, 0x68, 0x12, 0x17, 0x0b, 
    0xad, 0x54, 0x50, 0xb4, 0xd5, 0x1e, 0xf5, 0x07, 0xb3, 0xbc, 0xea, 0xb6, 
    0xbb, 0x52, 0x7e, 0x84, 0x00, 0x00, 0x00, 0x00, 0x49, 0x45, 0x4e, 0x44, 
    0xae, 0x42, 0x60, 0x82, 
};
static const size_t yabatman_bat_size = sizeof(yabatman_bat_data);

// Datas for yabatman_crit.png
static const unsigned char yabatman_crit_data[] = {
    0x89, 0x50, 0x4e, 0x47, 0x0d, 0x0a, 0x1a, 0x0a, 0x00, 0x00, 0x00, 0x0d, 
    0x49, 0x48, 0x44, 0x52, 0x00, 0x00, 0x00, 0x18, 0x00, 0x00, 0x00, 0x18, 
    0x08, 0x06, 0x00, 0x00, 0x00, 0xe0, 0x77, 0x3d, 0xf8, 0x00, 0x00, 0x03, 
    0x4d, 0x49, 0x44, 0x41, 0x54, 0x78, 0x9c, 0xad, 0x95, 0x4b, 0x68, 0x9c, 
    0x55, 0x14, 0xc7, 0x7f, 0xe7, 0x7e, 0x77, 0x66, 0xd2, 0x3c, 0xe8, 0x98, 
    0x47, 0x7d, 0x55, 0x68, 0xd5, 0x52, 0xb1, 0xcb, 0xd0, 0x85, 0x0b, 0x41, 
    0x37, 0x42, 0xa1, 0xa8, 0x88, 0x16, 0x71, 0x13, 0x44, 0x17, 0x62, 0x5d, 
    0x17, 0x71, 0x13, 0x45, 0xa9, 0x20, 0xb8, 0x12, 0xc4, 0x8d, 0x1b, 0x41, 
    0x90, 0x64, 0x27, 0xf8, 0xd8, 0x88, 0x44, 0xdb, 0x6a, 0xb0, 0x3e, 0xa0, 
    0x98, 0xa0, 0xc1, 0xd8, 0x3c, 0x9a, 0xd8, 0xa6, 0x93, 0x49, 0x32, 0xf3, 
    0x7d, 0x93, 0xf9, 0xbe, 0xef, 0xde, 0xe3, 0x62, 0x1e, 0x66, 0xec, 0xcc, 
    0x24, 0x11, 0xcf, 0xea, 0xde, 0xef, 0xbb, 0xe7, 0xfc, 0xce, 0xf9, 0x9f, 
    0xfb, 0x80, 0x4e, 0x66, 0x4c, 0x73, 0x98, 0x14, 0x56, 0x4e, 0x69, 0x52, 
    0x7c, 0x3b, 0xbc, 0x3e, 0xff, 0x96, 0x6e, 0xae, 0x9c, 0x5f, 0x5b, 0x9d, 
    0x7b, 0x7d, 0x42, 0x35, 0x68, 0xac, 0xd3, 0xf1, 0x71, 0xd3, 0x29, 0xcc, 
    0x2d, 0xa6, 0x20, 0xcd, 0xc0, 0x8f, 0x3e, 0xfc, 0x98, 0x3b, 0xff, 0xda, 
    0x9b, 0x37, 0x16, 0x66, 0x22, 0xd5, 0x50, 0x35, 0x2e, 0xaa, 0xba, 0x0d, 
    0x5d, 0x5e, 0x9e, 0xd5, 0xc9, 0x73, 0x2f, 0x7d, 0x71, 0xed, 0xc1, 0x07, 
    0x5e, 0xfd, 0x14, 0x86, 0xbb, 0xc5, 0x93, 0x9d, 0x13, 0x05, 0x41, 0xc7, 
    0xa5, 0x30, 0xf4, 0x5e, 0x7f, 0xee, 0xec, 0x8b, 0x1f, 0xf7, 0x3f, 0xf7, 
    0xec, 0x69, 0x6e, 0x1f, 0xa6, 0x5c, 0x8d, 0xb1, 0x41, 0x90, 0x5e, 0xdf, 
    0xdc, 0x60, 0x66, 0x69, 0x91, 0xa9, 0xe9, 0xaf, 0x29, 0x55, 0xd6, 0xec, 
    0xf1, 0xbe, 0x3b, 0x78, 0x72, 0x4d, 0xd7, 0xef, 0xfa, 0xfe, 0xbb, 0x31, 
    0xfb, 0xed, 0xa5, 0xcf, 0x38, 0x73, 0xc6, 0xc8, 0xe4, 0xa4, 0x6b, 0x11, 
    0xa2, 0x05, 0x37, 0x3a, 0x6a, 0x45, 0xde, 0xf0, 0xd9, 0xbb, 0x47, 0x5e, 
    0xe9, 0x3f, 0x7a, 0xe4, 0x74, 0xe5, 0xe8, 0x91, 0x24, 0x34, 0x41, 0x1a, 
    0xf4, 0xf4, 0x28, 0xbd, 0x3d, 0x76, 0xa9, 0x5a, 0xb1, 0xb9, 0x83, 0x79, 
    0x3b, 0xf6, 0xd4, 0xf3, 0xf6, 0xa1, 0x93, 0xa7, 0xdc, 0xe8, 0xe3, 0x4f, 
    0xc7, 0xc1, 0x89, 0x63, 0x83, 0x53, 0xbf, 0xce, 0x7e, 0xf2, 0x84, 0x0c, 
    0xf7, 0x33, 0x31, 0xe1, 0xff, 0x9d, 0xb4, 0xdd, 0x39, 0xf9, 0xb1, 0x51, 
    0x89, 0x21, 0xcb, 0x37, 0x97, 0xfc, 0x81, 0xfc, 0x21, 0x4d, 0xee, 0x3b, 
    0x9c, 0xc1, 0x7b, 0x4c, 0x54, 0xe5, 0x64, 0xe1, 0x06, 0x71, 0xb8, 0xc9, 
    0xc0, 0x40, 0x9e, 0x3b, 0x7f, 0x9a, 0x0d, 0x66, 0xde, 0xf9, 0xc0, 0x5c, 
    0xbc, 0x78, 0x41, 0xa7, 0x3d, 0x6e, 0x00, 0x44, 0x44, 0xb4, 0x2b, 0x60, 
    0xb4, 0x01, 0xc8, 0xe5, 0x94, 0x7b, 0x0e, 0x1b, 0x86, 0x86, 0xc4, 0x0d, 
    0xdd, 0x86, 0x2d, 0x96, 0x08, 0x7e, 0xbe, 0x8c, 0xff, 0xea, 0x4b, 0x0a, 
    0xd3, 0x97, 0xf9, 0xad, 0x1a, 0xf3, 0x43, 0x61, 0x83, 0x0a, 0xe0, 0x41, 
    0x0c, 0x86, 0x41, 0x7c, 0xdb, 0x1e, 0xd8, 0x76, 0x1f, 0x8d, 0x31, 0x20, 
    0x52, 0xcb, 0x25, 0x9b, 0x23, 0xf0, 0x65, 0x88, 0x43, 0x4a, 0x4b, 0x4b, 
    0x2c, 0x14, 0x8a, 0x54, 0x9c, 0x23, 0x36, 0x86, 0x00, 0xb0, 0xea, 0x41, 
    0xdb, 0xc6, 0xee, 0x0c, 0xa0, 0xb7, 0x1f, 0xfa, 0x0e, 0x42, 0x9a, 0x80, 
    0x2a, 0xa4, 0x0e, 0x9c, 0x43, 0x54, 0xc9, 0xd8, 0x9a, 0x8b, 0x75, 0x09, 
    0x49, 0x97, 0xc0, 0xcd, 0x64, 0xbb, 0xfe, 0x55, 0xc0, 0x08, 0x84, 0x21, 
    0x24, 0x29, 0x88, 0xa0, 0xaa, 0x78, 0xd5, 0x6e, 0x49, 0xef, 0x01, 0x10, 
    0x95, 0xa1, 0xbc, 0x51, 0x3f, 0x6c, 0x02, 0x49, 0x02, 0x5b, 0xa5, 0x96, 
    0xc3, 0xb7, 0x57, 0xeb, 0xec, 0xa1, 0x3b, 0x72, 0x14, 0xa9, 0x05, 0x17, 
    0xe9, 0xb8, 0x7c, 0xff, 0x80, 0x86, 0x79, 0x0f, 0x71, 0x4c, 0x5a, 0x2a, 
    0xa1, 0x49, 0xfa, 0x3f, 0x03, 0x44, 0x40, 0x3d, 0xb2, 0x1d, 0xe1, 0x56, 
    0xaf, 0xa1, 0xce, 0x23, 0xfb, 0xac, 0x62, 0x0f, 0xa2, 0x4a, 0x5d, 0x2e, 
    0x6d, 0x2b, 0xd1, 0x6e, 0xcd, 0xde, 0x1d, 0x20, 0xa0, 0xaa, 0xc4, 0x85, 
    0x22, 0x12, 0x18, 0xb4, 0xde, 0x1b, 0xad, 0x3b, 0x47, 0x08, 0x29, 0x30, 
    0xf8, 0x9f, 0x00, 0xaa, 0x88, 0xcd, 0x90, 0x2e, 0x2c, 0xa0, 0x61, 0x88, 
    0x04, 0x41, 0x4b, 0xce, 0x1e, 0xa8, 0x20, 0x74, 0x13, 0x6d, 0x57, 0x00, 
    0x99, 0x0c, 0x6e, 0xe1, 0x2a, 0x5a, 0xa9, 0xb4, 0x6c, 0x53, 0x01, 0x1c, 
    0x50, 0xad, 0x8f, 0xd7, 0xf7, 0x0f, 0x50, 0x30, 0x01, 0x94, 0xb6, 0x60, 
    0xed, 0x2f, 0xc8, 0x64, 0x5b, 0xb7, 0x6e, 0xdd, 0x79, 0xb7, 0x96, 0x77, 
    0x06, 0x78, 0x8f, 0xef, 0x3d, 0x80, 0xbd, 0x72, 0x05, 0xb9, 0x59, 0x40, 
    0x33, 0xb6, 0x09, 0x68, 0x5c, 0x99, 0xdb, 0xc8, 0xae, 0x4d, 0x6e, 0x7b, 
    0x17, 0x79, 0x00, 0x63, 0x30, 0x51, 0x84, 0xfe, 0x3e, 0x87, 0xda, 0x5a, 
    0x70, 0xf5, 0xda, 0x6c, 0xae, 0x01, 0xe2, 0xfa, 0xda, 0x7d, 0xf7, 0x20, 
    0x17, 0x04, 0x82, 0xb5, 0xde, 0x6f, 0x57, 0x55, 0x16, 0x17, 0x21, 0x9b, 
    0xc5, 0x1a, 0xc3, 0xfa, 0x7a, 0x11, 0x17, 0x27, 0x84, 0x40, 0xa2, 0x90, 
    0xd0, 0x2c, 0x68, 0x6f, 0x80, 0xc6, 0x83, 0xb3, 0xbc, 0xb2, 0x9a, 0xe0, 
    0xbc, 0x31, 0xe1, 0x56, 0x16, 0xe7, 0x9c, 0x8f, 0x2a, 0xa9, 0x42, 0x1a, 
    0x46, 0x51, 0x6a, 0x44, 0xd2, 0xb2, 0xd7, 0x74, 0x13, 0x49, 0x23, 0x84, 
    0x4c, 0xad, 0x00, 0xdb, 0xf3, 0x8f, 0x72, 0x2d, 0x76, 0xeb, 0x9b, 0x0c, 
    0x72, 0x0e, 0xfa, 0xc6, 0x8e, 0xdd, 0xfb, 0xd1, 0xa1, 0xe3, 0xf7, 0x3f, 
    0x32, 0x92, 0x1f, 0xc8, 0x27, 0x73, 0x7f, 0xa2, 0xce, 0x31, 0x3f, 0x7f, 
    0x95, 0xed, 0x72, 0xc8, 0x0d, 0x85, 0x5f, 0x12, 0xc7, 0x1a, 0xe2, 0x02, 
    0xb8, 0x99, 0x22, 0x2f, 0xbc, 0x8b, 0xfb, 0xfc, 0x19, 0x30, 0x93, 0xb5, 
    0xcd, 0xd5, 0x1e, 0xd0, 0x80, 0x48, 0xbd, 0xec, 0x0f, 0x61, 0xe4, 0xc4, 
    0x60, 0xfe, 0x65, 0x92, 0xa4, 0xc7, 0x79, 0xaf, 0xd5, 0x38, 0x16, 0x6b, 
    0x0c, 0x09, 0xb8, 0x3f, 0xaa, 0x49, 0xb0, 0x0e, 0x17, 0x16, 0x61, 0xea, 
    0x7d, 0x28, 0x77, 0x92, 0xe8, 0x6f, 0xb7, 0x2b, 0x88, 0x0a, 0xa6, 0xe1, 
    0x60, 0x34, 0x00, 0x00, 0x00, 0x00, 0x49, 0x45, 0x4e, 0x44, 0xae, 0x42, 
    0x60, 0x82, 
};
static const size_t yabatman_crit_size = sizeof(yabatman_crit_data);

#endif /* BATTERY_ICONS_H */
